Genes,ID,Description,GeneRatio,BgRatio,pvalue,p.adjust,geneID
Down-regulated,GO:1901606,alpha-amino acid catabolic process,21/845,70/16696,1.757264531589473e-11,8.40323899006086e-8,Qdpr/Tdo2/Arg1/Kynu/Gls/Bcat2/Hpd/Ppat/Cbs/Mat1a/Tat/Aass/Hgd/Pah/Sds/Sdsl/Acmsd/Agxt/Gls2/Oat/Got1
Down-regulated,GO:1901605,alpha-amino acid metabolic process,32/845,171/16696,1.1334613678811698e-10,2.7101061306038767e-7,Ttc36/Tst/Qdpr/Tdo2/Arg1/Kyat3/Gfpt1/Kynu/Adssl1/Gls/Gnmt/Bcat2/Asl/Hpd/Ppat/Cbs/Mat1a/Tat/Aass/Hgd/Dct/Pah/Fh1/Ass1/Sds/Cth/Sdsl/Acmsd/Agxt/Gls2/Oat/Got1
Down-regulated,GO:0009063,cellular amino acid catabolic process,21/845,89/16696,2.37942693289884e-9,3.792806531040751e-6,Qdpr/Tdo2/Arg1/Kynu/Gls/Bcat2/Hpd/Ppat/Cbs/Mat1a/Tat/Aass/Hgd/Pah/Sds/Sdsl/Acmsd/Agxt/Gls2/Oat/Got1
Down-regulated,GO:0046395,carboxylic acid catabolic process,33/845,209/16696,5.500840316906849e-9,6.576254598862138e-6,Etfa/Phyh/Qdpr/Acadl/Cyp39a1/Tdo2/Arg1/Cyp4f14/Kynu/Cyp4f15/Gls/Bcat2/Pck1/Hpd/Mfsd2a/Ppat/Cbs/Mat1a/Tat/Aass/Gnpda1/Hgd/Pah/Abhd2/Sds/Sdsl/Acmsd/Agxt/Tuba8/Eci3/Gls2/Oat/Got1
Down-regulated,GO:0016054,organic acid catabolic process,33/845,211/16696,7.021723955921133e-9,6.715576791442971e-6,Etfa/Phyh/Qdpr/Acadl/Cyp39a1/Tdo2/Arg1/Cyp4f14/Kynu/Cyp4f15/Gls/Bcat2/Pck1/Hpd/Mfsd2a/Ppat/Cbs/Mat1a/Tat/Aass/Gnpda1/Hgd/Pah/Abhd2/Sds/Sdsl/Acmsd/Agxt/Tuba8/Eci3/Gls2/Oat/Got1
Down-regulated,GO:0006520,cellular amino acid metabolic process,34/845,247/16696,1.0703815566444777e-7,8.530941006456487e-5,Ttc36/Tst/Eprs/Qdpr/Tdo2/Arg1/Kyat3/Aasdh/Gfpt1/Kynu/Adssl1/Gls/Gnmt/Bcat2/Asl/Hpd/Ppat/Cbs/Mat1a/Tat/Aass/Hgd/Dct/Pah/Fh1/Ass1/Sds/Cth/Sdsl/Acmsd/Agxt/Gls2/Oat/Got1
Down-regulated,GO:0043648,dicarboxylic acid metabolic process,18/845,84/16696,1.6016902835886997e-7,1.0941832765887374e-4,Phyh/Sucla2/Ogdh/Idh3a/Kyat3/Kynu/Adssl1/Gls/Pck1/Asl/Tat/Mthfd1l/Fh1/Ass1/Acmsd/Gls2/Oat/Got1
Down-regulated,GO:0009074,aromatic amino acid family catabolic process,8/845,15/16696,1.9515386233015587e-7,1.1665322120785067e-4,Qdpr/Tdo2/Kynu/Hpd/Tat/Hgd/Pah/Acmsd
Down-regulated,GO:0009072,aromatic amino acid family metabolic process,10/845,26/16696,2.648413934081892e-7,1.4071906036421786e-4,Ttc36/Qdpr/Tdo2/Kynu/Hpd/Tat/Hgd/Dct/Pah/Acmsd
Down-regulated,GO:0015807,L-amino acid transport,14/845,56/16696,5.1690754691839e-7,2.471851889363741e-4,Slc3a2/Cln8/Ctns/Arg1/Agt/Slc38a3/Slc1a2/Slc1a4/Slc38a2/Slc3a1/Slc25a15/Slc43a1/Slc25a22/Slc7a2
Down-regulated,GO:0044282,small molecule catabolic process,38/845,322/16696,1.0671923189677074e-6,4.639376063003252e-4,Etfa/Phyh/Lrp5/Qdpr/Acadl/Cyp39a1/Tdo2/Arg1/Cyp4f14/Kynu/Cyp4f15/Gls/Pfkfb2/Bcat2/Pck1/Dpyd/Hpd/Mfsd2a/Ppat/Cbs/Mat1a/Tat/Aass/Gnpda1/Hgd/Pah/Abhd2/Sds/Sdsl/Acmsd/Agxt/Tuba8/Adh7/Eci3/Mtmr7/Gls2/Oat/Got1
Down-regulated,GO:0006865,amino acid transport,22/845,143/16696,2.9763309181022245e-6,0.0011860678708637364,Slc3a2/Cln8/Ctns/Arg1/Slc12a2/Slc25a45/Agt/Slc38a4/Slc25a48/Slc38a3/Slc1a2/Il1rn/Slc1a4/Adora1/Slc38a2/Slc3a1/Slc25a15/Gabbr1/Slc43a1/Slc25a22/Slc7a2/Ntrk2
Down-regulated,GO:0034968,histone lysine methylation,19/845,113/16696,3.666138458393439e-6,0.0013485749313874944,Nsd3/Arid4b/Ash1l/Baz2a/Ogt/Tet3/Kmt2c/Kmt2b/Bcor/Brd4/Kmt2d/Kmt2a/Paxip1/Setd1b/Dot1l/Setd1a/Fh1/Ctcfl/Nnmt
Down-regulated,GO:0051568,histone H3-K4 methylation,13/845,57/16696,4.018070225556188e-6,0.0013724579870435492,Ash1l/Ogt/Tet3/Kmt2c/Kmt2b/Bcor/Kmt2d/Kmt2a/Paxip1/Setd1b/Setd1a/Ctcfl/Nnmt
Down-regulated,GO:0016571,histone methylation,21/845,138/16696,5.928240852125715e-6,0.001889923183657678,Nsd3/Arid4b/Ash1l/Baz2a/Ogt/Tet3/Kmt2c/Kmt2b/Bcor/Brd4/Kmt2d/Kmt2a/Paxip1/Setd1b/Dot1l/Setd1a/Satb1/Fh1/Ctcfl/Fendrr/Nnmt
Down-regulated,GO:0018022,peptidyl-lysine methylation,20/845,128/16696,6.531825930818745e-6,0.0019521994750734525,Nsd3/Arid4b/Ash1l/Baz2a/Ogt/Tet3/Kmt2c/Kmt2b/Eef1akmt4/Bcor/Brd4/Kmt2d/Kmt2a/Paxip1/Setd1b/Dot1l/Setd1a/Fh1/Ctcfl/Nnmt
Down-regulated,GO:0046942,carboxylic acid transport,30/845,250/16696,1.0287830273327056e-5,0.0028046303356322783,Slc3a2/Cln8/Ceacam1/Ctns/Slco2a1/Arg1/Slc12a2/Abcc10/Atp8b1/Agt/Pla2g12a/Slc38a3/Abcc5/Slc1a2/Acsl4/Il1rn/Slc1a4/Adora1/Slc38a2/Slc3a1/Slc25a15/Gabbr1/Slc43a1/Slc25a22/Slc22a3/Agxt/Slc7a2/Slc13a2/Slc10a2/Ntrk2
Down-regulated,GO:0008652,cellular amino acid biosynthetic process,13/845,62/16696,1.078497504780315e-5,0.0028046303356322783,Gls/Bcat2/Asl/Cbs/Aass/Pah/Ass1/Sds/Cth/Sdsl/Agxt/Gls2/Got1
Down-regulated,GO:0006570,tyrosine metabolic process,6/845,12/16696,1.1729947033175568e-5,0.0028046303356322783,Ttc36/Hpd/Tat/Hgd/Dct/Pah
Down-regulated,GO:0043650,dicarboxylic acid biosynthetic process,6/845,12/16696,1.1729947033175568e-5,0.0028046303356322783,Kynu/Gls/Mthfd1l/Acmsd/Gls2/Got1
Down-regulated,GO:0015849,organic acid transport,32/845,278/16696,1.2516992823936368e-5,0.00285029808019351,Slc3a2/Eprs/Cln8/Ceacam1/Ctns/Arg1/Slc12a2/Slc25a45/Atp8b1/Agt/Pla2g12a/Slc38a4/Slc25a48/Mfsd2a/Slc38a3/Abcc5/Slc1a2/Acsl4/Il1rn/Slc1a4/Adora1/Slc38a2/Slc3a1/Slc25a15/Gabbr1/Slc43a1/Slc25a22/Agxt/Slc7a2/Slc13a2/Slc10a2/Ntrk2
Down-regulated,GO:0015711,organic anion transport,34/845,306/16696,1.4429933436435284e-5,0.003136542804228797,Slc3a2/Cd47/Cln8/Ceacam1/Ctns/Slco2a1/Arg1/Slc12a2/Abcc10/Slc25a42/Atp8b1/Slc4a4/Slc35a2/Agt/Pla2g12a/Slc38a3/Abcc5/Slc1a2/Acsl4/Il1rn/Slc1a4/Adora1/Slc38a2/Slc3a1/Slc25a15/Gabbr1/Slc43a1/Slc25a22/Slc22a3/Agxt/Slc7a2/Slc13a2/Slc10a2/Ntrk2
Down-regulated,GO:1901607,alpha-amino acid biosynthetic process,12/845,55/16696,1.5294389419397536e-5,0.003179903052328653,Gls/Asl/Cbs/Aass/Pah/Ass1/Sds/Cth/Sdsl/Agxt/Gls2/Got1
Down-regulated,GO:0010452,histone H3-K36 methylation,6/845,13/16696,2.0850648978848527e-5,0.00408605877194833,Nsd3/Ash1l/Bcor/Brd4/Paxip1/Fh1
Down-regulated,GO:0006325,chromatin organization,44/845,449/16696,2.136166233766379e-5,0.00408605877194833,Spin1/Nsd3/Brcc3/Nap1l1/Arid4b/Smarcad1/Rsf1/Ep400/Ash1l/Baz2a/Atxn7l3/Ogt/Tet3/Arid2/Kmt2c/Mbtd1/Lrwd1/Msl1/Kmt2b/Chd8/Rb1/Srcap/Emsy/Dnmt3a/Ubn2/Chd3/Bcor/Brd4/Kmt2d/Brd2/Kmt2a/Jmjd1c/Tox/Morc2a/Foxa3/Kdm6b/Setd1b/Brpf3/Chd1/Setd1a/Satb1/Epop/Tspyl4/Ctcfl
Down-regulated,GO:0044283,small molecule biosynthetic process,47/845,495/16696,2.535725915373854e-5,0.00466378512589145,Qk/Coq9/Pnpo/Gulo/Qdpr/Ogt/Coq8b/Fbp1/Acadl/Scap/Ceacam1/Cyp39a1/Ebp/Crtc2/Itpkc/Kynu/Gls/Coq10a/Gnmt/Agt/Bcat2/Pck1/Rdh9/Asl/Elovl2/Fads1/Foxo1/Cbs/Aass/Gnpda1/Pptc7/Mthfd1l/Pah/Rbp1/Abhd2/Ass1/Fads2/Sds/Cth/Sdsl/Acmsd/Agxt/Ppargc1a/Sik1/Gls2/Nnmt/Got1
Down-regulated,GO:0006479,protein methylation,23/845,176/16696,2.8250349882774973e-5,0.004824756183551069,Nsd3/Arid4b/Rab6a/Ash1l/Baz2a/Ogt/Tet3/Kmt2c/Kmt2b/Eef1akmt4/Bcor/Brd4/Kmt2d/Kmt2a/Paxip1/Setd1b/Dot1l/Setd1a/Satb1/Fh1/Ctcfl/Fendrr/Nnmt
Down-regulated,GO:0008213,protein alkylation,23/845,176/16696,2.8250349882774973e-5,0.004824756183551069,Nsd3/Arid4b/Rab6a/Ash1l/Baz2a/Ogt/Tet3/Kmt2c/Kmt2b/Eef1akmt4/Bcor/Brd4/Kmt2d/Kmt2a/Paxip1/Setd1b/Dot1l/Setd1a/Satb1/Fh1/Ctcfl/Fendrr/Nnmt
Down-regulated,GO:0007623,circadian rhythm,24/845,190/16696,3.3562881721770494e-5,0.005534403461845052,Dhx9/Naglu/Btbd9/Fbxl3/Ogt/Mettl3/Csnk1e/Atf5/Gfpt1/Kmt2a/Ngfr/Dpyd/Timeless/Crem/Igf1/Adora1/Ass1/Chrnb2/Ppargc1a/Sik1/Noct/Bhlhe41/Ntrk2/Adcy1
Down-regulated,GO:0080182,histone H3-K4 trimethylation,7/845,21/16696,5.1645146594536536e-5,0.008232236367169124,Ogt/Tet3/Kmt2b/Kmt2d/Kmt2a/Setd1b/Setd1a
Down-regulated,GO:0048511,rhythmic process,29/845,260/16696,5.633721819657247e-5,0.008690470239226113,Dhx9/Naglu/Btbd9/Fbxl3/Ogt/Mettl3/Nfkb2/Csnk1e/Atf5/Gfpt1/Esr1/Kmt2a/Agt/Ngfr/Dpyd/Timeless/Crem/Igf1/Adora1/Enpp2/Ass1/Chrnb2/Gas2/Ppargc1a/Sik1/Noct/Bhlhe41/Ntrk2/Adcy1
Down-regulated,GO:0006558,L-phenylalanine metabolic process,5/845,10/16696,6.682359785164076e-5,0.009683346815955942,Qdpr/Hpd/Tat/Hgd/Pah
Down-regulated,GO:1902221,erythrose 4-phosphate/phosphoenolpyruvate family amino acid metabolic process,5/845,10/16696,6.682359785164076e-5,0.009683346815955942,Qdpr/Hpd/Tat/Hgd/Pah
Down-regulated,GO:0006103,2-oxoglutarate metabolic process,6/845,17/16696,1.262641038293019e-4,0.01775867483858005,Phyh/Ogdh/Idh3a/Kyat3/Tat/Got1
Down-regulated,GO:0046394,carboxylic acid biosynthetic process,29/845,276/16696,1.624783289494682e-4,0.02219918197246734,Qk/Gulo/Acadl/Scap/Ceacam1/Cyp39a1/Kynu/Gls/Agt/Bcat2/Rdh9/Asl/Elovl2/Fads1/Cbs/Aass/Mthfd1l/Pah/Rbp1/Abhd2/Ass1/Fads2/Sds/Cth/Sdsl/Acmsd/Agxt/Gls2/Got1
Down-regulated,GO:0016053,organic acid biosynthetic process,29/845,277/16696,1.7295485834098229e-4,0.022711854494340367,Qk/Gulo/Acadl/Scap/Ceacam1/Cyp39a1/Kynu/Gls/Agt/Bcat2/Rdh9/Asl/Elovl2/Fads1/Cbs/Aass/Mthfd1l/Pah/Rbp1/Abhd2/Ass1/Fads2/Sds/Cth/Sdsl/Acmsd/Agxt/Gls2/Got1
Down-regulated,GO:0006820,anion transport,39/845,418/16696,1.7572953080104424e-4,0.022711854494340367,Slc3a2/Ttyh2/Enpp1/Cd47/Cln8/Ceacam1/Ctns/Slco2a1/Arg1/Slc12a2/Abcc10/Slc25a42/Atp8b1/Slc4a4/Ano8/Slc35a2/Agt/Pla2g12a/P2ry4/Slc38a3/Abcc5/Slc1a2/Acsl4/Il1rn/Slc1a4/Adora1/Slc38a2/Slc3a1/Slc25a15/Gabbr1/Slc43a1/Slc25a22/Slc37a1/Slc22a3/Agxt/Slc7a2/Slc13a2/Slc10a2/Ntrk2
Down-regulated,GO:0009068,aspartate family amino acid catabolic process,5/845,12/16696,1.928844604398517e-4,0.024088625088605566,Mat1a/Aass/Sds/Sdsl/Got1
Down-regulated,GO:0016570,histone modification,40/845,435/16696,1.9793320285125233e-4,0.024088625088605566,Msl2/Nsd3/Sirt2/Brcc3/Atf2/Rybp/Arid4b/Smarcad1/Ep400/Ash1l/Baz2a/Atxn7/Cdc73/Atxn7l3/Ogt/Tet3/Kmt2c/Msl1/Kmt2b/Usp36/Taf1/Bcor/Crtc2/Brd4/Kmt2d/Kmt2a/Mier2/Jmjd1c/Kdm6b/Paxip1/Setd1b/Dot1l/Brpf3/Setd1a/Satb1/Epop/Fh1/Ctcfl/Fendrr/Nnmt
Down-regulated,GO:1902475,L-alpha-amino acid transmembrane transport,10/845,51/16696,2.014941454504857e-4,0.024088625088605566,Slc3a2/Cln8/Agt/Slc1a2/Slc1a4/Slc3a1/Slc25a15/Slc43a1/Slc25a22/Slc7a2
Down-regulated,GO:0006835,dicarboxylic acid transport,13/845,82/16696,2.2744775932565474e-4,0.026528175246226367,Cln8/Slc12a2/Abcc5/Slc1a2/Il1rn/Slc1a4/Adora1/Slc3a1/Gabbr1/Slc25a22/Agxt/Slc13a2/Ntrk2
Down-regulated,GO:0006091,generation of precursor metabolites and energy,37/845,396/16696,2.483341026997317e-4,0.02821526723789204,Coq9/Uqcc3/Cox7a2/Sucla2/Enpp1/Ogt/ND1/Fbp1/Gaa/Dgat1/Ogdh/Gys2/Idh3a/Cyp1a2/Dhtkd1/ATP8/Gfpt1/ND6/Slc4a4/Coq10a/Gnmt/Pfkfb2/CYTB/ATP6/ND4/ND2/Aass/Igf1/Gnpda1/ND5/Fh1/Slc25a25/Slc25a22/Ppargc1a/Adh7/Nr4a3/Ppp1r3g
Down-regulated,GO:0070989,oxidative demethylation,6/845,19/16696,2.537131934816725e-4,0.02821526723789204,Tet3/Cyp1a2/Alkbh2/Cyp3a44/Cyp3a41a/Cyp3a16
Down-regulated,GO:0018023,peptidyl-lysine trimethylation,10/845,53/16696,2.805925684192908e-4,0.029576756257410304,Nsd3/Arid4b/Ogt/Tet3/Kmt2b/Brd4/Kmt2d/Kmt2a/Setd1b/Setd1a
Down-regulated,GO:0043414,macromolecule methylation,29/845,285/16696,2.8095440558436794e-4,0.029576756257410304,Nsd3/Arid4b/Rab6a/Ash1l/Baz2a/Ogt/Tet3/Kmt2c/Cbll1/Mettl3/Kmt2b/Dnmt3a/Eef1akmt4/Bcor/Brd4/Kmt2d/Kmt2a/Paxip1/Setd1b/Dot1l/Setd1a/Satb1/Kcnq1ot1/Fh1/Ctcfl/Fendrr/Tyw3/Nnmt/Meg3
Down-regulated,GO:0009064,glutamine family amino acid metabolic process,11/845,63/16696,2.876216537729113e-4,0.029576756257410304,Arg1/Gfpt1/Gls/Asl/Ppat/Tat/Fh1/Ass1/Gls2/Oat/Got1
Down-regulated,GO:0003333,amino acid transmembrane transport,13/845,84/16696,2.9069584778299544e-4,0.029576756257410304,Slc3a2/Cln8/Agt/Slc38a4/Slc38a3/Slc1a2/Slc1a4/Slc38a2/Slc3a1/Slc25a15/Slc43a1/Slc25a22/Slc7a2
Down-regulated,GO:0060213,positive regulation of nuclear-transcribed mRNA poly(A) tail shortening,5/845,13/16696,3.004055926029788e-4,0.02992790716307176,Tnrc6a/Tnrc6c/Eif4enif1/Ago2/Tob1
Down-regulated,GO:0015980,energy derivation by oxidation of organic compounds,29/845,287/16696,3.1592520597407416e-4,0.030831721121796378,Coq9/Uqcc3/Cox7a2/Sucla2/Enpp1/ND1/Gaa/Ogdh/Gys2/Idh3a/Cyp1a2/Dhtkd1/ATP8/Gfpt1/ND6/Coq10a/Gnmt/CYTB/ATP6/ND4/ND2/Igf1/ND5/Fh1/Slc25a25/Slc25a22/Ppargc1a/Nr4a3/Ppp1r3g
Down-regulated,GO:0009991,response to extracellular stimulus,32/845,330/16696,3.328667646975266e-4,0.03183537737567144,Lamp2/Sirt2/Atf2/Tnrc6a/Rmi1/Tsc1/Bcl10/Bche/Suox/Gabarapl1/Fnip1/Dsc2/Ulk1/Kynu/Foxa3/Hspa5/Pck1/Rnase4/Dpyd/Mfsd2a/Slc38a3/Fads1/Foxo1/Slc1a2/Cbs/Rbp1/Tfrc/Slc25a25/Slc22a3/Ppargc1a/Sik1/Noct
Down-regulated,GO:0009066,aspartate family amino acid metabolic process,8/845,37/16696,4.337403599729243e-4,0.040669537282167136,Adssl1/Gnmt/Mat1a/Aass/Ass1/Sds/Sdsl/Got1
Down-regulated,GO:0018205,peptidyl-lysine modification,33/845,353/16696,5.212649626156657e-4,0.04793632790823295,Msl2/Nsd3/Sirt2/Atf2/Arid4b/Ep400/Senp5/Ash1l/Baz2a/Ogt/Tet3/Kmt2c/Msl1/Senp1/Kmt2b/Eef1akmt4/Uspl1/Taf1/Bcor/Klf15/Crtc2/Brd4/Kmt2d/Kmt2a/Paxip1/Setd1b/Dot1l/Brpf3/Setd1a/Fh1/Ctcfl/Cth/Nnmt
Up-regulated,GO:0006631,fatty acid metabolic process,72/880,404/16696,3.542304635749175e-20,1.721560052974099e-16,Ptges/Pnpla3/Elovl3/Fabp5/Cyp2b10/Aacs/Ltc4s/Cyp2c55/Cpt1c/Fasn/Ptgr1/Cpt1b/Scd1/Acly/Acot11/Ces1d/Acaca/Pdk1/Cyp2d9/Ces2g/Gstm4/Acss2/Cyp2c70/Ces1g/Slc27a1/Ces2e/Ephx1/Cd36/Prxl2b/Mgll/Asah2/Elovl6/Dbi/Ces1e/Abcd4/Akr1c20/Nudt7/Lonp2/Cyp2c29/Abcb11/Ces2a/Pecr/Cyp2c37/Bdh2/Acnat2/Adipor2/Pck2/Acox1/Thnsl2/Cyp2f2/Aldh3a2/Cyp2d10/Akr1c14/Tysnd1/Pla2g15/Apoc3/Eci2/Gpam/Daglb/Hadh/Dgat2/Adh5/Acaa1a/Hsd17b4/Tecr/Baat/Ppara/Acadm/Acox3/Ephx2/Lias/Ech1
Up-regulated,GO:0006805,xenobiotic metabolic process,30/880,111/16696,5.360215309380676e-14,1.3025323201795043e-10,Sult2a3/Sult2a5/Cyp2b10/Cyp46a1/Cyp2c55/Gstm1/Cyp2d9/Ugt1a6a/Ugt1a6b/Sult2a2/Gstm4/Rorc/Ugt1a5/Cyp2c70/Gsta4/Tpmt/Gstt1/Gsta3/Aox1/Cyp2c29/Abcb11/Gstm5/Cyp2c37/Cryz/Fmo1/Cyp2f2/Cyp2d10/Akr1c13/Vkorc1/Acaa1a
Up-regulated,GO:1901615,organic hydroxy compound metabolic process,65/880,472/16696,9.564885907722462e-13,1.5495115170510388e-9,Sult2a3/Pdxp/Sult2a5/Akr1b7/Cyp46a1/Mogat1/Synj2/Atp2b2/Ces1d/Pltp/Akr1b3/Adh1/Sult2a2/Hsd17b6/Galk1/Napepld/Soat2/Ugt1a5/Cyb5r3/Ces1g/Retsat/Maoa/Ephx1/Tkfc/Aldh1a1/Asah2/Ces1e/Gpd1/Akr1c20/Abcb11/Pecr/Akr1d1/Nr1h4/Glo1/Ip6k2/Rdh10/Dhrs3/Pgp/Pck2/Aldh3a2/Akr1c14/Ebpl/Slc37a4/Sord/Apoc3/Cyp27a1/Cpq/Hmgcs2/Cat/Npc1/Itpk1/Aplp2/Dgat2/Adh5/Acaa1a/Hprt/Baat/Gc/Mttp/Plpp3/Coq2/Bpnt1/Ephx2/Thrb/Apoa2
Up-regulated,GO:0019693,ribose phosphate metabolic process,53/880,349/16696,2.9381998798335488e-12,3.0597968407118143e-9,Sult2a3/Sult2a5/Pklr/Atp2b2/Fasn/Pde2a/Acly/Acot11/Ces1d/Acaca/Pdk1/Khk/Ak4/Tkt/Uck1/Sult2a2/Galk1/Gpi1/Ctps/Aldoc/Acss2/Pygl/Tkfc/Gck/Keg1/Pfkl/Gpd1/Umps/Nudt7/Dpys/Rnaseh2b/Acnat2/Fitm2/Pdhb/Pid1/Nudt14/Cs/Pank1/Glyat/Gpam/Hmgcs2/Nudt9/Suclg2/Jmjd8/Dgat2/Pank3/Pdha1/Ak3/Hsd17b4/Hprt/Baat/Ppara/Atic
Up-regulated,GO:0006066,alcohol metabolic process,50/880,318/16696,3.3034998411343373e-12,3.0597968407118143e-9,Sult2a3/Sult2a5/Akr1b7/Cyp46a1/Mogat1/Synj2/Ces1d/Akr1b3/Adh1/Sult2a2/Galk1/Napepld/Soat2/Ugt1a5/Cyb5r3/Ces1g/Retsat/Ephx1/Tkfc/Aldh1a1/Asah2/Ces1e/Gpd1/Akr1c20/Pecr/Akr1d1/Ip6k2/Rdh10/Dhrs3/Pgp/Pck2/Aldh3a2/Akr1c14/Sord/Apoc3/Cyp27a1/Hmgcs2/Cat/Npc1/Itpk1/Aplp2/Dgat2/Adh5/Mttp/Plpp3/Coq2/Bpnt1/Ephx2/Thrb/Apoa2
Up-regulated,GO:0071466,cellular response to xenobiotic stimulus,34/880,163/16696,3.777526963841746e-12,3.0597968407118143e-9,Sult2a3/Sult2a5/Cyp2b10/Cyp46a1/Cyp2c55/Gstm1/Cyp2d9/Kcnq1/Ugt1a6a/Ugt1a6b/Sult2a2/Gstm4/Rorc/Ugt1a5/Cyp2c70/Gsta4/Tpmt/Gstt1/Gsta3/Aox1/Cyp2c29/Abcb11/Nr1h4/Gstm5/Cyp2c37/Cryz/Fmo1/Cyp2f2/Cyp2d10/Nfe2l2/Ppm1f/Akr1c13/Vkorc1/Acaa1a
Up-regulated,GO:0009410,response to xenobiotic stimulus,46/880,290/16696,1.8113692330712306e-11,1.1071612605303459e-8,Sult2a3/Sult2a5/Cyp2b10/Aacs/Cyp46a1/Cyp2c55/Gstm1/Cyp2d9/Kcnq1/Ugt1a6a/Ugt1a6b/Sult2a2/Gstm4/Inhba/Rorc/Ugt1a5/Cyp2c70/Abcb1a/Gsta4/Tpmt/Gstt1/Gsta3/Aldh1a1/Casp1/Aox1/Akr1c20/Cyp2c29/Abcb11/Nr1h4/Gstm5/Cyp2c37/Cryz/Fmo1/Cyp2f2/Cyp2d10/Nfe2l2/Ppm1f/Gnas/Akr1c13/Npc1/Hadh/Vkorc1/Acaa1a/Alad/Sod2/Ei24
Up-regulated,GO:0033865,nucleoside bisphosphate metabolic process,26/880,105/16696,2.278109589568613e-11,1.1071612605303459e-8,Sult2a3/Sult2a5/Fasn/Acly/Acot11/Ces1d/Acaca/Pdk1/Sult2a2/Acss2/Keg1/Nudt7/Acnat2/Fitm2/Pdhb/Cs/Pank1/Glyat/Gpam/Hmgcs2/Suclg2/Dgat2/Pank3/Pdha1/Hsd17b4/Baat
Up-regulated,GO:0033875,ribonucleoside bisphosphate metabolic process,26/880,105/16696,2.278109589568613e-11,1.1071612605303459e-8,Sult2a3/Sult2a5/Fasn/Acly/Acot11/Ces1d/Acaca/Pdk1/Sult2a2/Acss2/Keg1/Nudt7/Acnat2/Fitm2/Pdhb/Cs/Pank1/Glyat/Gpam/Hmgcs2/Suclg2/Dgat2/Pank3/Pdha1/Hsd17b4/Baat
Up-regulated,GO:0034032,purine nucleoside bisphosphate metabolic process,26/880,105/16696,2.278109589568613e-11,1.1071612605303459e-8,Sult2a3/Sult2a5/Fasn/Acly/Acot11/Ces1d/Acaca/Pdk1/Sult2a2/Acss2/Keg1/Nudt7/Acnat2/Fitm2/Pdhb/Cs/Pank1/Glyat/Gpam/Hmgcs2/Suclg2/Dgat2/Pank3/Pdha1/Hsd17b4/Baat
Up-regulated,GO:0009259,ribonucleotide metabolic process,50/880,339/16696,3.645708969510197e-11,1.6107405083472324e-8,Sult2a3/Sult2a5/Pklr/Atp2b2/Fasn/Pde2a/Acly/Acot11/Ces1d/Acaca/Pdk1/Khk/Ak4/Uck1/Sult2a2/Galk1/Gpi1/Ctps/Aldoc/Acss2/Tkfc/Gck/Keg1/Pfkl/Gpd1/Umps/Nudt7/Dpys/Rnaseh2b/Acnat2/Fitm2/Pdhb/Pid1/Cs/Pank1/Glyat/Gpam/Hmgcs2/Nudt9/Suclg2/Jmjd8/Dgat2/Pank3/Pdha1/Ak3/Hsd17b4/Hprt/Baat/Ppara/Atic
Up-regulated,GO:0006790,sulfur compound metabolic process,47/880,310/16696,5.449529724404406e-11,2.2070595383837843e-8,Sult2a3/Sult2a5/Nox4/Chac1/Fasn/Csad/Acly/Acot11/Ces1d/Acaca/Pdk1/Gstm1/Csgalnact1/Sult2a2/Gstm4/Acss2/Gsta4/Gstt1/Keg1/Gsta3/Mtap/Gstt2/Nudt7/Glo1/Gstm5/Glrx5/Acnat2/Fitm2/Pdhb/Nfe2l2/Cs/Glyat/Ext1/Gpam/Ciapin1/Hmgcs2/Adi1/Suclg2/Dgat2/Pdha1/Hsd17b4/Baat/Glrx3/Iscu/Lias/Sod2/Eef1g
Up-regulated,GO:0006753,nucleoside phosphate metabolic process,57/880,427/16696,8.757140361929397e-11,3.273823242998221e-8,Sult2a3/Sult2a5/Pklr/Atp2b2/Fasn/Pde2a/Acly/Acot11/Ces1d/Rd3/Acaca/Pdk1/Khk/Nmrk1/Ak4/Uck1/Nampt/Sult2a2/Galk1/Gpi1/Ctps/Aldoc/Acss2/Cnp/Tkfc/Gck/Keg1/Pfkl/Gpd1/Umps/Nudt7/Dpys/Rnaseh2b/Acnat2/Fitm2/Pdhb/Pid1/Nudt14/Cs/Pank1/Glyat/Gpam/Hmgcs2/Nudt9/Suclg2/Jmjd8/Dgat2/Pank3/Pdha1/Ak3/Hsd17b4/Hprt/Baat/Dera/Ppara/Atic/Smpdl3a
Up-regulated,GO:0044282,small molecule catabolic process,47/880,322/16696,2.0440076332682526e-10,7.095626498345506e-8,Sult2a3/Pdxp/Sult2a5/Akr1b7/Cyp46a1/Synj2/Csad/Ces1d/Ddah1/Khk/Adh1/Sult2a2/Hsd17b6/Galk1/Gpi1/Pgd/Tkfc/Pfkl/Dbi/Abcd4/Nudt7/Lonp2/Abcb11/Akr1d1/Glo1/Bdh2/Galm/Pck2/Acox1/Thnsl2/Tysnd1/Sord/Cyp27a1/Eci2/Gcsh/Hadh/Adh5/Scly/Acaa1a/Hsd17b4/Dera/Acadm/Otc/Acox3/Rpe/Got2/Bpnt1
Up-regulated,GO:0016042,lipid catabolic process,44/880,294/16696,3.4592716929652685e-10,1.0502626074745625e-7,Pnpla3/Akr1b7/Cyp46a1/Enpp6/Smpdl3b/Ces1d/Hsd17b6/Napepld/Sorl1/Ces1g/Pla2g7/Bscl2/Mgll/Asah2/Ddhd2/Dbi/Ces1e/Abcd4/Pla2g6/Aspg/Neu3/Nudt7/Lonp2/Abcb11/Hsd17b11/Akr1d1/Bdh2/Plaat3/Pck2/Acox1/Tysnd1/Pla2g15/Apoc3/Cyp27a1/Eci2/Daglb/Plbd2/Hadh/Acaa1a/Hsd17b4/Acadm/Smpdl3a/Acox3/Apoa2
Up-regulated,GO:0009117,nucleotide metabolic process,55/880,419/16696,3.578085994858141e-10,1.0502626074745625e-7,Sult2a3/Sult2a5/Pklr/Atp2b2/Fasn/Pde2a/Acly/Acot11/Ces1d/Rd3/Acaca/Pdk1/Khk/Nmrk1/Ak4/Uck1/Nampt/Sult2a2/Galk1/Gpi1/Ctps/Aldoc/Acss2/Cnp/Tkfc/Gck/Keg1/Pfkl/Gpd1/Umps/Nudt7/Dpys/Rnaseh2b/Acnat2/Fitm2/Pdhb/Pid1/Cs/Pank1/Glyat/Gpam/Hmgcs2/Nudt9/Suclg2/Jmjd8/Dgat2/Pank3/Pdha1/Ak3/Hsd17b4/Hprt/Baat/Dera/Ppara/Atic
Up-regulated,GO:0055086,nucleobase-containing small molecule metabolic process,60/880,479/16696,3.6737580919892105e-10,1.0502626074745625e-7,Sult2a3/Sult2a5/Pklr/Atp2b2/Fasn/Pde2a/Acly/Acot11/Ces1d/Gmds/Rd3/Acaca/Pdk1/Khk/Nmrk1/Ak4/Csgalnact1/Uck1/Nampt/Sult2a2/Galk1/Gpi1/Ctps/Aldoc/Acss2/Cnp/Tkfc/Gck/Keg1/Pfkl/Gpd1/Mtap/Umps/Nudt7/Dpys/Rnaseh2b/Acnat2/Fitm2/Pdhb/Pid1/Nudt14/Cs/Pank1/Glyat/Gpam/Hmgcs2/Nudt9/Suclg2/Jmjd8/Dgat2/Pank3/Pdha1/Ak3/Hsd17b4/Hprt/Baat/Dera/Ppara/Atic/Smpdl3a
Up-regulated,GO:0044283,small molecule biosynthetic process,61/880,495/16696,5.031427139677763e-10,1.358485327712996e-7,Ptges/Elovl3/Fabp5/Pklr/Ltc4s/Fasn/Csad/Scd1/Acly/Ces1d/Pltp/Acaca/Akr1b3/Mgst3/Gstm4/Gpi1/Acss2/Cyb5r3/Pgd/Ces1g/Gpd2/Ephx1/Prxl2b/Gck/Mgll/Aldh1a1/Asah2/Elovl6/Pcx/Ces1e/Gpd1/Mtap/Pecr/Akr1d1/Ip6k2/Psph/Rdh10/Pgp/Pck2/Thnsl2/Nln/Sord/Apoc3/Cyp27a1/Hmgcs2/Adi1/Daglb/Nanp/Dgat2/Vkorc1/Tecr/Hprt/Baat/Ppara/Acadm/Otc/Coq2/Aldh8a1/Got2/Lias/Ddb1
Up-regulated,GO:0006637,acyl-CoA metabolic process,21/880,83/16696,1.2445300398221855e-9,3.024207996767911e-7,Fasn/Acly/Acot11/Ces1d/Acaca/Pdk1/Acss2/Keg1/Nudt7/Acnat2/Fitm2/Pdhb/Cs/Glyat/Gpam/Hmgcs2/Suclg2/Dgat2/Pdha1/Hsd17b4/Baat
Up-regulated,GO:0035383,thioester metabolic process,21/880,83/16696,1.2445300398221855e-9,3.024207996767911e-7,Fasn/Acly/Acot11/Ces1d/Acaca/Pdk1/Acss2/Keg1/Nudt7/Acnat2/Fitm2/Pdhb/Cs/Glyat/Gpam/Hmgcs2/Suclg2/Dgat2/Pdha1/Hsd17b4/Baat
Up-regulated,GO:0006639,acylglycerol metabolic process,27/880,135/16696,1.6757519154184515e-9,3.709502917094413e-7,Thrsp/Pnpla3/Mogat1/Scd1/Ces1d/Sorl1/Ces1g/Slc27a1/Cd36/Mgll/Ddhd2/Dbi/Nr1h4/Plaat3/Pck2/Fitm2/Atg14/Slc37a4/Pla2g15/Apoc3/Gpam/Daglb/Cat/Dgat2/Mttp/Thrb/Apoa2
Up-regulated,GO:0009150,purine ribonucleotide metabolic process,45/880,320/16696,1.679198851359611e-9,3.709502917094413e-7,Sult2a3/Sult2a5/Pklr/Atp2b2/Fasn/Pde2a/Acly/Acot11/Ces1d/Acaca/Pdk1/Khk/Ak4/Sult2a2/Galk1/Gpi1/Aldoc/Acss2/Tkfc/Gck/Keg1/Pfkl/Gpd1/Nudt7/Acnat2/Fitm2/Pdhb/Pid1/Cs/Pank1/Glyat/Gpam/Hmgcs2/Nudt9/Suclg2/Jmjd8/Dgat2/Pank3/Pdha1/Ak3/Hsd17b4/Hprt/Baat/Ppara/Atic
Up-regulated,GO:0006638,neutral lipid metabolic process,27/880,137/16696,2.354031785682403e-9,4.97417151235499e-7,Thrsp/Pnpla3/Mogat1/Scd1/Ces1d/Sorl1/Ces1g/Slc27a1/Cd36/Mgll/Ddhd2/Dbi/Nr1h4/Plaat3/Pck2/Fitm2/Atg14/Slc37a4/Pla2g15/Apoc3/Gpam/Daglb/Cat/Dgat2/Mttp/Thrb/Apoa2
Up-regulated,GO:0008202,steroid metabolic process,43/880,305/16696,3.584912771617845e-9,7.011819442494258e-7,Sult2a3/Sult2a5/Cyp2b10/Cyp46a1/Scd1/Ces1d/Hsd3b3/Sult2a2/Hsd17b6/Soat2/Rorc/Ugt1a5/Cyb5r3/Cyp3a11/Ces1g/Hsd3b2/Ces1e/Akr1c20/Abcb11/Hsd17b11/Akr1d1/Nr1h4/Akr1c14/Ebpl/Slc37a4/Tspo/Apoc3/Cyp27a1/Hmgcs2/Cat/Akr1c13/Npc1/Aplp2/Dgat2/Acaa1a/Hsd17b4/Tecr/Baat/Gc/Mttp/Ephx2/Thrb/Apoa2
Up-regulated,GO:0044242,cellular lipid catabolic process,34/880,208/16696,3.6069030053982805e-9,7.011819442494258e-7,Pnpla3/Akr1b7/Smpdl3b/Ces1d/Napepld/Sorl1/Pla2g7/Bscl2/Mgll/Asah2/Ddhd2/Dbi/Abcd4/Pla2g6/Neu3/Nudt7/Lonp2/Abcb11/Bdh2/Pck2/Acox1/Tysnd1/Pla2g15/Apoc3/Eci2/Daglb/Plbd2/Hadh/Acaa1a/Hsd17b4/Acadm/Smpdl3a/Acox3/Apoa2
Up-regulated,GO:0006641,triglyceride metabolic process,23/880,106/16696,5.2104863170309634e-9,9.739601346450187e-7,Thrsp/Pnpla3/Mogat1/Scd1/Sorl1/Ces1g/Slc27a1/Cd36/Ddhd2/Dbi/Nr1h4/Plaat3/Pck2/Fitm2/Atg14/Slc37a4/Apoc3/Gpam/Daglb/Cat/Dgat2/Mttp/Thrb
Up-regulated,GO:0006163,purine nucleotide metabolic process,46/880,344/16696,5.646187343293088e-9,1.0163137217927557e-6,Sult2a3/Sult2a5/Pklr/Atp2b2/Fasn/Pde2a/Acly/Acot11/Ces1d/Rd3/Acaca/Pdk1/Khk/Ak4/Sult2a2/Galk1/Gpi1/Aldoc/Acss2/Tkfc/Gck/Keg1/Pfkl/Gpd1/Nudt7/Acnat2/Fitm2/Pdhb/Pid1/Cs/Pank1/Glyat/Gpam/Hmgcs2/Nudt9/Suclg2/Jmjd8/Dgat2/Pank3/Pdha1/Ak3/Hsd17b4/Hprt/Baat/Ppara/Atic
Up-regulated,GO:0072521,purine-containing compound metabolic process,47/880,365/16696,1.2959740160998178e-8,2.2494406136589695e-6,Sult2a3/Sult2a5/Pklr/Atp2b2/Fasn/Pde2a/Acly/Acot11/Ces1d/Rd3/Acaca/Pdk1/Khk/Ak4/Sult2a2/Galk1/Gpi1/Aldoc/Acss2/Tkfc/Gck/Keg1/Pfkl/Gpd1/Mtap/Nudt7/Acnat2/Fitm2/Pdhb/Pid1/Cs/Pank1/Glyat/Gpam/Hmgcs2/Nudt9/Suclg2/Jmjd8/Dgat2/Pank3/Pdha1/Ak3/Hsd17b4/Hprt/Baat/Ppara/Atic
Up-regulated,GO:0033559,unsaturated fatty acid metabolic process,23/880,114/16696,2.256586526719984e-8,3.768799807398835e-6,Ptges/Fabp5/Cyp2b10/Cyp2c55/Ptgr1/Scd1/Cyp2d9/Ces2g/Cyp2c70/Ces2e/Ephx1/Prxl2b/Mgll/Akr1c20/Cyp2c29/Ces2a/Cyp2c37/Acox1/Cyp2f2/Cyp2d10/Akr1c14/Daglb/Ephx2
Up-regulated,GO:0006091,generation of precursor metabolites and energy,49/880,396/16696,2.3264196341968117e-8,3.768799807398835e-6,Pklr/Pde2a/Khk/Ak4/Tkt/Adh1/Gbe1/Wdr93/Adra1b/Galk1/Gpi1/Aldoc/Ppp1r3b/Pgd/Pygl/Cd36/Tkfc/Gck/Pfkl/Gpd1/Adgrf5/Pygb/Acox1/Pdhb/Taldo1/Coa6/Slc37a4/Cs/Bnip3/Apoc3/Phkb/Agl/Hmgcs2/Gnas/Cat/Aco1/Suclg2/Jmjd8/Adh5/Ppp1cc/Pdha1/Ppara/Acadm/Gcgr/Rpe/Prelid1/Iscu/Sod2/Trap1
Up-regulated,GO:0005996,monosaccharide metabolic process,36/880,249/16696,3.503845014762428e-8,5.455393061303443e-6,Fabp5/Akr1b3/Pdk1/Khk/Kcnq1/Pgm5/Adra1b/Galk1/Gpi1/Rorc/Ppp1r3b/Pgd/Gpd2/Cd36/Tkfc/Gck/Pfkl/Pcx/Gpd1/Man2a2/Galm/Pgp/Pck2/Pdhb/Slc23a2/Nln/Sord/Man2b2/Dgat2/Pdha1/Ppara/Acadm/Gcgr/Rpe/Fggy/Ddb1
Up-regulated,GO:0046486,glycerolipid metabolic process,45/880,353/16696,3.5920283531216085e-8,5.455393061303443e-6,Thrsp/Pnpla3/Gal3st1/Fabp5/Mogat1/Synj2/Serinc2/Scd1/Ces1d/Napepld/Sorl1/Ces1g/Pla2g7/Slc27a1/Bscl2/Cd36/Mgll/Ddhd2/Dbi/Gpd1/Pla2g6/Capn2/Nr1h4/Ip6k2/Plaat3/Pgp/Pck2/Fitm2/Atg14/Slc37a4/Pla2g15/Pigk/Pik3cb/Apoc3/Pcyt1a/Gpam/Vac14/Daglb/Cat/Dgat2/Mttp/Bpnt1/Pip5k1c/Thrb/Apoa2
Up-regulated,GO:0009636,response to toxic substance,23/880,117/16696,3.766243918065947e-8,5.546650133878941e-6,Akr1b7/Slc6a4/Trpm6/Ces1d/Inmt/Abcg2/Sesn1/Abcb1a/Cnp/Ephx1/Cd36/Gsta3/Aldh1a1/Gstm5/Aldh1a7/Cyp2f2/Nfe2l2/Aldh2/Glyat/Adh5/Ralbp1/Ephx2/Sod2
Up-regulated,GO:0044262,cellular carbohydrate metabolic process,38/880,273/16696,4.1273777706085045e-8,5.8997223426933324e-6,Mogat1/Synj2/Akr1b3/Pdk1/Khk/Abcg2/Csgalnact1/Gbe1/Adra1b/Galk1/Rorc/Ppp1r3b/Pgd/Pygl/Cd36/Tkfc/Gck/Pomk/Pygb/Pgp/Pck2/Nln/Slc37a4/Sord/Phkb/Agl/Ext1/Itpk1/Dgat2/Ppp1cc/Ppara/Acadm/Coq2/Gcgr/Rpe/Fggy/Bpnt1/Ddb1
Up-regulated,GO:0016053,organic acid biosynthetic process,38/880,277/16696,6.103437611322941e-8,8.475059083151284e-6,Ptges/Elovl3/Fabp5/Pklr/Ltc4s/Fasn/Csad/Scd1/Acly/Ces1d/Acaca/Mgst3/Gstm4/Acss2/Ces1g/Prxl2b/Mgll/Aldh1a1/Asah2/Elovl6/Ces1e/Mtap/Pecr/Akr1d1/Psph/Rdh10/Thnsl2/Apoc3/Cyp27a1/Adi1/Daglb/Nanp/Tecr/Baat/Otc/Aldh8a1/Got2/Lias
Up-regulated,GO:0006690,icosanoid metabolic process,23/880,122/16696,8.490371657393087e-8,1.1462001737480668e-5,Ptges/Fabp5/Cyp2b10/Ltc4s/Cyp2c55/Ptgr1/Cyp2d9/Ces2g/Mgst3/Cyp2c70/Ces2e/Ephx1/Prxl2b/Mgll/Akr1c20/Cyp2c29/Ces2a/Cyp2c37/Acox1/Cyp2f2/Cyp2d10/Akr1c14/Daglb
Up-regulated,GO:0072330,monocarboxylic acid biosynthetic process,30/880,193/16696,9.540648432357099e-8,1.2531770643582568e-5,Ptges/Elovl3/Fabp5/Pklr/Ltc4s/Fasn/Scd1/Acly/Ces1d/Acaca/Gstm4/Acss2/Ces1g/Prxl2b/Mgll/Aldh1a1/Asah2/Elovl6/Ces1e/Pecr/Akr1d1/Rdh10/Thnsl2/Apoc3/Cyp27a1/Daglb/Tecr/Baat/Aldh8a1/Lias
Up-regulated,GO:1901616,organic hydroxy compound catabolic process,16/880,63/16696,1.0978225233752096e-7,1.4040572272640838e-5,Sult2a3/Pdxp/Sult2a5/Akr1b7/Cyp46a1/Synj2/Adh1/Sult2a2/Hsd17b6/Maoa/Tkfc/Akr1d1/Sord/Cyp27a1/Adh5/Bpnt1
Up-regulated,GO:0046394,carboxylic acid biosynthetic process,37/880,276/16696,1.6522532129357323e-7,2.0589616961199125e-5,Ptges/Elovl3/Fabp5/Pklr/Ltc4s/Fasn/Scd1/Acly/Ces1d/Acaca/Mgst3/Gstm4/Acss2/Ces1g/Prxl2b/Mgll/Aldh1a1/Asah2/Elovl6/Ces1e/Mtap/Pecr/Akr1d1/Psph/Rdh10/Thnsl2/Apoc3/Cyp27a1/Adi1/Daglb/Nanp/Tecr/Baat/Otc/Aldh8a1/Got2/Lias
Up-regulated,GO:0019400,alditol metabolic process,9/880,20/16696,2.991060318198627e-7,3.634138286611332e-5,Mogat1/Akr1b3/Galk1/Tkfc/Pgp/Pck2/Sord/Dgat2/Coq2
Up-regulated,GO:0034308,primary alcohol metabolic process,17/880,77/16696,3.959715439806622e-7,4.693711472551264e-5,Sult2a3/Sult2a5/Akr1b7/Akr1b3/Adh1/Sult2a2/Napepld/Retsat/Aldh1a1/Gpd1/Akr1c20/Pecr/Rdh10/Dhrs3/Aldh3a2/Akr1c14/Adh5
Up-regulated,GO:0006081,cellular aldehyde metabolic process,15/880,62/16696,5.42075875103509e-7,6.27259226905489e-5,Pdxp/Khk/Tkt/Adh1/Tkfc/Aldh3b1/Glo1/Rdh10/Hyi/Aldh3a2/Taldo1/Aldh2/Grhpr/Adh5/Aldh8a1
Up-regulated,GO:0001659,temperature homeostasis,26/880,167/16696,6.556096851541582e-7,7.409914115928392e-5,Ptges/Elovl3/Fabp5/Arrdc3/Ucp2/Map2k6/G0s2/Id1/Scd1/Fcor/Acot11/Ces1d/Tle3/Napepld/Plcl1/Slc27a1/Bscl2/Cd36/Aldh1a1/Elovl6/Adipor2/Hdac3/Gnas/Hadh/Ehmt1/Jak2
Up-regulated,GO:0046164,alcohol catabolic process,13/880,48/16696,7.658967679869424e-7,8.459677937310318e-5,Sult2a3/Sult2a5/Akr1b7/Cyp46a1/Synj2/Adh1/Sult2a2/Tkfc/Akr1d1/Sord/Cyp27a1/Adh5/Bpnt1
Up-regulated,GO:1990845,adaptive thermogenesis,24/880,148/16696,8.255534683434391e-7,8.88780832570736e-5,Elovl3/Fabp5/Arrdc3/Ucp2/Map2k6/G0s2/Id1/Scd1/Acot11/Ces1d/Tle3/Plcl1/Sorl1/Bscl2/Cd36/Aldh1a1/Elovl6/Adipor2/Hdac3/Slc25a4/Gnas/Hadh/Ehmt1/Jak2
Up-regulated,GO:0098754,detoxification,14/880,56/16696,8.412328867953467e-7,8.88780832570736e-5,Akr1b7/Abcg2/Sesn1/Abcb1a/Cd36/Gsta3/Aldh1a1/Gstm5/Aldh1a7/Nfe2l2/Aldh2/Adh5/Ralbp1/Sod2
Up-regulated,GO:0016052,carbohydrate catabolic process,22/880,129/16696,9.80463378475681e-7,1.0138408551897466e-4,Pklr/Khk/Adra1b/Galk1/Gpi1/Aldoc/Ppp1r3b/Pgd/Pygl/Tkfc/Gck/Pfkl/Gpd1/Neu3/Pygb/Galm/Sord/Agl/Jmjd8/Dera/Ppara/Rpe
Up-regulated,GO:0090207,regulation of triglyceride metabolic process,13/880,50/16696,1.27713752999602e-6,1.2931017491209703e-4,Thrsp/Sorl1/Ces1g/Slc27a1/Cd36/Nr1h4/Fitm2/Atg14/Apoc3/Gpam/Daglb/Dgat2/Thrb
Up-regulated,GO:0045834,positive regulation of lipid metabolic process,26/880,174/16696,1.4628119080596423e-6,1.4508705863611963e-4,Tnfaip8l3/Scd1/Ces1d/Ces1g/Slc27a1/Cd36/Pcx/Dbi/Ces1e/Pla2g6/Adgrf5/Capn2/Nr1h4/Tek/Rdh10/Atg14/Apoc3/Gpam/Daglb/Hsd17b13/Dgat2/Ppara/Angptl4/Cd81/Cdc42/Apoa2
Up-regulated,GO:0019216,regulation of lipid metabolic process,41/880,354/16696,1.8602019861704988e-6,1.807756092407475e-4,Thrsp/Tnfaip8l3/Fabp5/Scd1/Ces1d/Pdk1/Sorl1/Rorc/Ces1g/Slc27a1/Bscl2/Cd36/Pcx/Dbi/Ces1e/Pla2g6/Lonp2/Abcb11/Adgrf5/Capn2/Nr1h4/Tek/Rdh10/Fitm2/Atg14/Tysnd1/Tspo/Lsr/Apoc3/Gpam/Daglb/Hsd17b13/Dgat2/Cers2/Ppara/Angptl4/Ephx2/Cd81/Thrb/Cdc42/Apoa2
Up-regulated,GO:0106106,cold-induced thermogenesis,22/880,134/16696,1.899465990884682e-6,1.807756092407475e-4,Elovl3/Fabp5/Arrdc3/Ucp2/Map2k6/G0s2/Id1/Scd1/Acot11/Ces1d/Tle3/Plcl1/Bscl2/Cd36/Aldh1a1/Elovl6/Adipor2/Hdac3/Gnas/Hadh/Ehmt1/Jak2
Up-regulated,GO:0019318,hexose metabolic process,31/880,233/16696,1.9342246256211664e-6,1.807756092407475e-4,Fabp5/Pdk1/Khk/Kcnq1/Pgm5/Adra1b/Galk1/Gpi1/Rorc/Ppp1r3b/Gpd2/Cd36/Tkfc/Gck/Pfkl/Pcx/Gpd1/Man2a2/Galm/Pgp/Pck2/Pdhb/Nln/Sord/Man2b2/Dgat2/Pdha1/Ppara/Acadm/Gcgr/Ddb1
Up-regulated,GO:0006575,cellular modified amino acid metabolic process,27/880,188/16696,2.026299419164412e-6,1.8580783353092534e-4,Sult2a3/Sult2a5/Cpt1c/Serinc2/Chac1/Cpt1b/Gstm1/Sult2a2/Gstm4/Gsta4/Slc27a1/Gstt1/Gsta3/Gstt2/Glo1/Gstm5/Pcyox1/Nfe2l2/Pla2g15/Cpq/Fpgs/Bbox1/Vnn3/Atic/Acadm/Sod2/Eef1g
Up-regulated,GO:0010876,lipid localization,44/880,398/16696,2.748099011692159e-6,2.473289110522943e-4,Ptges/Tnfaip8l3/Fabp5/Aqp8/Osbpl5/Fitm1/Map2k6/Cpt1b/Ces1d/Pltp/Kcnq1/Soat2/Inhba/Smim22/Ces1g/Abcb1a/Stard5/Fzd4/Slc27a1/Bscl2/Cd36/Dbi/Ces1e/Slc10a1/Abcd4/Gpihbp1/Pla2g6/Abcb11/Nr1h4/Abcc3/Fitm2/Zfyve1/Tspo/Nfkbia/Apoc3/Npc1/Dgat2/Esyt1/Ppara/Mttp/Atp9a/Got2/Prelid1/Apoa2
Up-regulated,GO:0001676,long-chain fatty acid metabolic process,19/880,108/16696,3.300694768644715e-6,2.916613922838784e-4,Pnpla3/Cyp2b10/Ltc4s/Cyp2c55/Cyp2d9/Gstm4/Cyp2c70/Slc27a1/Ephx1/Cd36/Mgll/Asah2/Elovl6/Cyp2c29/Cyp2c37/Cyp2f2/Cyp2d10/Daglb/Ephx2
Up-regulated,GO:0006112,energy reserve metabolic process,16/880,80/16696,3.478645148647384e-6,3.01896703971898e-4,Khk/Gbe1/Adra1b/Ppp1r3b/Pygl/Cd36/Gck/Adgrf5/Pygb/Slc37a4/Phkb/Agl/Gnas/Ppp1cc/Acadm/Gcgr
Up-regulated,GO:0097006,regulation of plasma lipoprotein particle levels,14/880,64/16696,4.6790777909318675e-6,3.9521282590098853e-4,Ces1d/Pltp/Soat2/Ces1g/Pla2g7/Cd36/Gpihbp1/Nr1h4/Mylip/Apoc3/Lrpap1/Dgat2/Mttp/Apoa2
Up-regulated,GO:0055088,lipid homeostasis,24/880,163/16696,4.77597286682997e-6,3.9521282590098853e-4,Pnpla3/Scd1/Ces1d/Acaca/Soat2/Ces1g/Gck/Ces1e/Gpihbp1/Abcb11/Nr1h4/Mylip/Acox1/Fitm2/Slc37a4/Apoc3/Gpam/Npc1/Dgat2/Angptl4/Mttp/Acox3/Ephx2/Apoa2
Up-regulated,GO:0006084,acetyl-CoA metabolic process,10/880,33/16696,4.797851178633399e-6,3.9521282590098853e-4,Fasn/Acly/Acaca/Pdk1/Acss2/Nudt7/Pdhb/Cs/Hmgcs2/Pdha1
Up-regulated,GO:0034440,lipid oxidation,19/880,111/16696,5.020997233195523e-6,4.0670077588883736e-4,Pla2g7/Cd36/Dbi/Abcd4/Lonp2/Abcb11/Bdh2/Adipor2/Acox1/Tysnd1/Eci2/Hadh/Dgat2/Adh5/Acaa1a/Hsd17b4/Ppara/Acadm/Acox3
Up-regulated,GO:0120161,regulation of cold-induced thermogenesis,21/880,132/16696,5.4090270646136035e-6,4.309487136724936e-4,Elovl3/Fabp5/Arrdc3/Ucp2/Map2k6/G0s2/Id1/Scd1/Acot11/Tle3/Plcl1/Bscl2/Cd36/Aldh1a1/Elovl6/Adipor2/Hdac3/Gnas/Hadh/Ehmt1/Jak2
Up-regulated,GO:0016125,sterol metabolic process,22/880,143/16696,5.711502674697039e-6,4.477081128875421e-4,Sult2a3/Sult2a5/Cyp46a1/Ces1d/Sult2a2/Soat2/Cyb5r3/Ces1g/Ces1e/Akr1d1/Ebpl/Apoc3/Cyp27a1/Hmgcs2/Cat/Npc1/Aplp2/Dgat2/Mttp/Ephx2/Thrb/Apoa2
Up-regulated,GO:0019068,virion assembly,9/880,27/16696,5.973209642651598e-6,4.6079045814740894e-4,Chmp4c/Pcx/Rab43/Lrsam1/Vps37b/Nedd4/Tbc1d20/Snf8/Chmp4b
Up-regulated,GO:1990748,cellular detoxification,11/880,42/16696,7.778161834282084e-6,5.906541642907957e-4,Akr1b7/Abcg2/Sesn1/Cd36/Aldh1a1/Gstm5/Aldh1a7/Nfe2l2/Aldh2/Adh5/Sod2
Up-regulated,GO:0008203,cholesterol metabolic process,21/880,136/16696,8.73559412058969e-6,6.531536527087062e-4,Sult2a3/Sult2a5/Cyp46a1/Ces1d/Sult2a2/Soat2/Cyb5r3/Ces1g/Ces1e/Akr1d1/Apoc3/Cyp27a1/Hmgcs2/Cat/Npc1/Aplp2/Dgat2/Mttp/Ephx2/Thrb/Apoa2
Up-regulated,GO:1902652,secondary alcohol metabolic process,22/880,147/16696,9.009019148253637e-6,6.633914100077679e-4,Sult2a3/Sult2a5/Cyp46a1/Ces1d/Sult2a2/Soat2/Ugt1a5/Cyb5r3/Ces1g/Ces1e/Akr1d1/Apoc3/Cyp27a1/Hmgcs2/Cat/Npc1/Aplp2/Dgat2/Mttp/Ephx2/Thrb/Apoa2
Up-regulated,GO:0019395,fatty acid oxidation,18/880,106/16696,9.930094921978292e-6,7.117093919816206e-4,Cd36/Dbi/Abcd4/Lonp2/Abcb11/Bdh2/Adipor2/Acox1/Tysnd1/Eci2/Hadh/Dgat2/Adh5/Acaa1a/Hsd17b4/Ppara/Acadm/Acox3
Up-regulated,GO:0071825,protein-lipid complex subunit organization,11/880,43/16696,9.958073797273704e-6,7.117093919816206e-4,Ces1d/Pltp/Soat2/Ces1g/Pla2g7/Gpihbp1/Nr1h4/Apoc3/Bin1/Mttp/Apoa2
Up-regulated,GO:0120254,olefinic compound metabolic process,21/880,138/16696,1.1012523753927295e-5,7.75664716580966e-4,Cyp2b10/Cyp46a1/Cyp2c55/Cyp2d9/Adh1/Cyp2c70/Retsat/Ephx1/Mgll/Aldh1a1/Akr1c20/Cyp2c29/Cyp2c37/Rdh10/Dhrs3/Cyp2f2/Cyp2d10/Akr1c14/Daglb/Aldh8a1/Ephx2
Up-regulated,GO:0006721,terpenoid metabolic process,13/880,60/16696,1.13972187466526e-5,7.912926158390234e-4,Akr1b7/Cyp2c55/Akr1b3/Adh1/Retsat/Aldh1a1/Pecr/Rdh10/Dhrs3/Aldh3a2/Hmgcs2/Adh5/Aldh8a1
Up-regulated,GO:0030258,lipid modification,26/880,197/16696,1.4775720147917697e-5,0.0010114084495616903,Synj2/Scd1/Soat2/Pla2g7/Cd36/Dbi/Abcd4/Lonp2/Abcb11/Bdh2/Adipor2/Acox1/Tysnd1/Eci2/St3gal4/Hadh/Dgat2/Adh5/Acaa1a/Hsd17b4/Ppara/Acadm/Plpp3/Acox3/Ephx2/Apoa2
Up-regulated,GO:0042178,xenobiotic catabolic process,13/880,62/16696,1.6620227174468036e-5,0.0011218653342765924,Cyp2b10/Cyp2c55/Gstm1/Cyp2d9/Gstm4/Cyp2c70/Cyp2c29/Gstm5/Cyp2c37/Cryz/Cyp2f2/Cyp2d10/Acaa1a
Up-regulated,GO:0016101,diterpenoid metabolic process,12/880,54/16696,1.8801191672191124e-5,0.0012516957743403953,Akr1b7/Cyp2c55/Akr1b3/Adh1/Retsat/Aldh1a1/Pecr/Rdh10/Dhrs3/Aldh3a2/Adh5/Aldh8a1
Up-regulated,GO:0015718,monocarboxylic acid transport,17/880,101/16696,1.9628180195394724e-5,0.0012890939966164643,Ptges/Aqp8/Map2k6/Ces1d/Abcg2/Slc16a11/Ces1g/Slc27a1/Cd36/Slc16a12/Ces1e/Slc10a1/Pla2g6/Abcb11/Nr1h4/Abcc3/Slc6a13
Up-regulated,GO:0019432,triglyceride biosynthetic process,10/880,39/16696,2.4699336082578903e-5,0.001579457544228072,Thrsp/Pnpla3/Mogat1/Slc27a1/Nr1h4/Pck2/Fitm2/Apoc3/Gpam/Dgat2
Up-regulated,GO:0071827,plasma lipoprotein particle organization,10/880,39/16696,2.4699336082578903e-5,0.001579457544228072,Ces1d/Pltp/Soat2/Ces1g/Pla2g7/Gpihbp1/Nr1h4/Apoc3/Mttp/Apoa2
Up-regulated,GO:0006006,glucose metabolic process,26/880,204/16696,2.7424686101739557e-5,0.0017309607072007044,Fabp5/Pdk1/Khk/Kcnq1/Pgm5/Adra1b/Gpi1/Rorc/Ppp1r3b/Gpd2/Cd36/Gck/Pfkl/Pcx/Gpd1/Galm/Pgp/Pck2/Pdhb/Nln/Dgat2/Pdha1/Ppara/Acadm/Gcgr/Ddb1
Up-regulated,GO:0034389,lipid droplet organization,8/880,25/16696,2.795239226736902e-5,0.0017359396069751524,Pnpla3/Fitm1/Smim22/Bscl2/Ddhd2/Fitm2/Zfyve1/Tbc1d20
Up-regulated,GO:0019751,polyol metabolic process,17/880,104/16696,2.9070768449825072e-5,0.0017359396069751524,Mogat1/Synj2/Akr1b3/Galk1/Ephx1/Tkfc/Asah2/Ip6k2/Pgp/Pck2/Sord/Cyp27a1/Itpk1/Dgat2/Plpp3/Coq2/Bpnt1
Up-regulated,GO:0042632,cholesterol homeostasis,16/880,94/16696,2.965559281645651e-5,0.0017359396069751524,Ces1d/Soat2/Ces1g/Ces1e/Gpihbp1/Abcb11/Nr1h4/Mylip/Acox1/Slc37a4/Apoc3/Npc1/Dgat2/Mttp/Ephx2/Apoa2
Up-regulated,GO:0044264,cellular polysaccharide metabolic process,16/880,94/16696,2.965559281645651e-5,0.0017359396069751524,Khk/Csgalnact1/Gbe1/Adra1b/Ppp1r3b/Pygl/Cd36/Gck/Pygb/Slc37a4/Phkb/Agl/Ext1/Ppp1cc/Acadm/Gcgr
Up-regulated,GO:0006692,prostanoid metabolic process,11/880,48/16696,3.071827288063027e-5,0.0017359396069751524,Ptges/Fabp5/Ptgr1/Ces2g/Ces2e/Prxl2b/Akr1c20/Ces2a/Acox1/Akr1c14/Daglb
Up-regulated,GO:0006693,prostaglandin metabolic process,11/880,48/16696,3.071827288063027e-5,0.0017359396069751524,Ptges/Fabp5/Ptgr1/Ces2g/Ces2e/Prxl2b/Akr1c20/Ces2a/Acox1/Akr1c14/Daglb
Up-regulated,GO:0046460,neutral lipid biosynthetic process,11/880,48/16696,3.071827288063027e-5,0.0017359396069751524,Thrsp/Pnpla3/Mogat1/Slc27a1/Nr1h4/Pck2/Fitm2/Pla2g15/Apoc3/Gpam/Dgat2
Up-regulated,GO:0046463,acylglycerol biosynthetic process,11/880,48/16696,3.071827288063027e-5,0.0017359396069751524,Thrsp/Pnpla3/Mogat1/Slc27a1/Nr1h4/Pck2/Fitm2/Pla2g15/Apoc3/Gpam/Dgat2
Up-regulated,GO:0097237,cellular response to toxic substance,11/880,48/16696,3.071827288063027e-5,0.0017359396069751524,Akr1b7/Abcg2/Sesn1/Cd36/Aldh1a1/Gstm5/Aldh1a7/Nfe2l2/Aldh2/Adh5/Sod2
Up-regulated,GO:0005977,glycogen metabolic process,14/880,75/16696,3.195274359592963e-5,0.001744835212092337,Khk/Gbe1/Adra1b/Ppp1r3b/Pygl/Cd36/Gck/Pygb/Slc37a4/Phkb/Agl/Ppp1cc/Acadm/Gcgr
Up-regulated,GO:0006073,cellular glucan metabolic process,14/880,75/16696,3.195274359592963e-5,0.001744835212092337,Khk/Gbe1/Adra1b/Ppp1r3b/Pygl/Cd36/Gck/Pygb/Slc37a4/Phkb/Agl/Ppp1cc/Acadm/Gcgr
Up-regulated,GO:0044042,glucan metabolic process,14/880,75/16696,3.195274359592963e-5,0.001744835212092337,Khk/Gbe1/Adra1b/Ppp1r3b/Pygl/Cd36/Gck/Pygb/Slc37a4/Phkb/Agl/Ppp1cc/Acadm/Gcgr
Up-regulated,GO:0055092,sterol homeostasis,16/880,95/16696,3.3945655417293254e-5,0.0018330653925338358,Ces1d/Soat2/Ces1g/Ces1e/Gpihbp1/Abcb11/Nr1h4/Mylip/Acox1/Slc37a4/Apoc3/Npc1/Dgat2/Mttp/Ephx2/Apoa2
Up-regulated,GO:0072329,monocarboxylic acid catabolic process,18/880,116/16696,3.521780583106899e-5,0.0018808630366922562,Ces1d/Pgd/Dbi/Abcd4/Nudt7/Lonp2/Abcb11/Akr1d1/Bdh2/Pck2/Acox1/Tysnd1/Eci2/Hadh/Acaa1a/Hsd17b4/Acadm/Acox3
Up-regulated,GO:0033013,tetrapyrrole metabolic process,11/880,49/16696,3.774328057236444e-5,0.001993829821540122,Sptb/Abcd4/Atpif1/Blvrb/Hebp1/Clybl/Cox15/Cpox/Hmox2/Alad/Abcb10
Up-regulated,GO:0006869,lipid transport,37/880,349/16696,4.211371704982272e-5,0.0022007813426036388,Ptges/Tnfaip8l3/Fabp5/Aqp8/Osbpl5/Map2k6/Cpt1b/Ces1d/Pltp/Kcnq1/Soat2/Inhba/Ces1g/Abcb1a/Stard5/Fzd4/Slc27a1/Cd36/Dbi/Ces1e/Slc10a1/Abcd4/Gpihbp1/Pla2g6/Abcb11/Nr1h4/Abcc3/Tspo/Nfkbia/Apoc3/Npc1/Esyt1/Mttp/Atp9a/Got2/Prelid1/Apoa2
Up-regulated,GO:0006633,fatty acid biosynthetic process,20/880,140/16696,4.5136268237495654e-5,0.0023336411024917963,Ptges/Elovl3/Fabp5/Ltc4s/Fasn/Scd1/Acly/Acaca/Gstm4/Acss2/Prxl2b/Mgll/Asah2/Elovl6/Pecr/Thnsl2/Apoc3/Daglb/Tecr/Lias
Up-regulated,GO:0090407,organophosphate biosynthetic process,44/880,446/16696,4.776832590019519e-5,0.0024215073987663206,Pnpla3/Fabp5/Pklr/Fitm1/Acly/Rd3/Pdk1/Nmrk1/Ak4/Tkt/Uck1/Nampt/Ctps/Acss2/Pygl/Slc27a1/Bscl2/Pcx/Pla2g6/Umps/Adgrf5/Capn2/Nr1h4/Ip6k2/Plaat3/Fitm2/Pdhb/Pid1/Pigk/Pik3cb/Pank1/Pcyt1a/Gpam/Hmgcs2/Vac14/Pank3/Pdha1/Ak3/Hprt/Ppara/Atic/Bpnt1/Pip5k1c/Apoa2
Up-regulated,GO:0006090,pyruvate metabolic process,17/880,108/16696,4.783224491390263e-5,0.0024215073987663206,Pklr/Pdk1/Khk/Galk1/Gpi1/Me1/Aldoc/Tkfc/Gck/Pfkl/Pcx/Gpd1/Pck2/Pdhb/Jmjd8/Pdha1/Ppara
Up-regulated,GO:0009062,fatty acid catabolic process,16/880,98/16696,5.02848372327611e-5,0.00249802319743314,Ces1d/Dbi/Abcd4/Nudt7/Lonp2/Abcb11/Bdh2/Pck2/Acox1/Tysnd1/Eci2/Hadh/Acaa1a/Hsd17b4/Acadm/Acox3
Up-regulated,GO:0006720,isoprenoid metabolic process,14/880,78/16696,5.037166118280817e-5,0.00249802319743314,Akr1b7/Cyp2c55/Akr1b3/Adh1/Retsat/Aldh1a1/Pecr/Rdh10/Dhrs3/Aldh3a2/Hmgcs2/Adh5/Coq2/Aldh8a1
Up-regulated,GO:0015980,energy derivation by oxidation of organic compounds,32/880,287/16696,5.223533309916385e-5,0.0025642799885044073,Pde2a/Khk/Ak4/Gbe1/Adra1b/Ppp1r3b/Pygl/Cd36/Gck/Gpd1/Adgrf5/Pygb/Pdhb/Coa6/Slc37a4/Cs/Bnip3/Apoc3/Phkb/Agl/Gnas/Cat/Aco1/Suclg2/Ppp1cc/Pdha1/Acadm/Gcgr/Prelid1/Iscu/Sod2/Trap1
Up-regulated,GO:0046434,organophosphate catabolic process,20/880,143/16696,6.130994673579878e-5,0.0029796634113598212,Pdxp/Synj2/Smpdl3b/Pde2a/Napepld/Pla2g7/Cnp/Gpd1/Pla2g6/Nudt7/Dpys/Fitm2/Pla2g15/Nudt9/Plbd2/Hprt/Dera/Smpdl3a/Bpnt1/Apoa2
Up-regulated,GO:0034310,primary alcohol catabolic process,6/880,15/16696,6.995063725077573e-5,0.003332942127831079,Sult2a3/Sult2a5/Akr1b7/Adh1/Sult2a2/Adh5
Up-regulated,GO:0046835,carbohydrate phosphorylation,6/880,15/16696,6.995063725077573e-5,0.003332942127831079,Galk1/Tkfc/Gck/Pomk/Itpk1/Fggy
Up-regulated,GO:0034381,plasma lipoprotein particle clearance,9/880,36/16696,7.818265635464332e-5,0.0036890068920734614,Ces1g/Cd36/Gpihbp1/Nr1h4/Mylip/Apoc3/Lrpap1/Dgat2/Apoa2
Up-regulated,GO:0071404,cellular response to low-density lipoprotein particle stimulus,7/880,22/16696,9.364506335184793e-5,0.0043761058450959706,Ces1d/Ces1g/Cd36/Ces1e/Mylip/Npc1/Cd81
Up-regulated,GO:0006820,anion transport,41/880,418/16696,9.740854806134589e-5,0.004508624224553724,Ptges/Aqp8/Slc34a2/Map2k6/Ces1d/Slc17a4/Kcnq1/Tcaf2/Abcg2/Folr2/Slc16a11/Slc19a1/Ces1g/Abcb1a/Slc27a1/Slc22a27/Clcn7/Cd36/Slc2a2/Slc16a12/Sfxn5/Ces1e/Slc6a6/Slc10a1/Pla2g6/Ank/Abcb11/Nr1h4/Ip6k2/Abcc3/Pcyox1/Slc6a13/Slc25a4/Slc23a2/Slc37a4/Tspo/Fxyd1/Slc46a1/Sfxn1/Slc47a1/Clns1a
Up-regulated,GO:0006635,fatty acid beta-oxidation,13/880,73/16696,1.0092824926477217e-4,0.004627465013460309,Dbi/Abcd4/Lonp2/Abcb11/Bdh2/Acox1/Tysnd1/Eci2/Hadh/Acaa1a/Hsd17b4/Acadm/Acox3
Up-regulated,GO:0046364,monosaccharide biosynthetic process,14/880,83/16696,1.0189803660872863e-4,0.004628265961854403,Gpi1/Pgd/Gpd2/Gck/Pcx/Gpd1/Pgp/Pck2/Nln/Sord/Dgat2/Ppara/Acadm/Ddb1
Up-regulated,GO:0005976,polysaccharide metabolic process,16/880,104/16696,1.047776911484149e-4,0.004714996101678671,Khk/Csgalnact1/Gbe1/Adra1b/Ppp1r3b/Pygl/Cd36/Gck/Pygb/Slc37a4/Phkb/Agl/Ext1/Ppp1cc/Acadm/Gcgr
Up-regulated,GO:0051180,vitamin transport,9/880,38/16696,1.2312100818393832e-4,0.005488781879874836,Abcg2/Folr2/Slc19a1/Slc27a1/Slc2a2/Abcd4/Slc23a2/Slc46a1/Gc
Up-regulated,GO:0042180,cellular ketone metabolic process,26/880,223/16696,1.2423168863914238e-4,0.005488781879874836,Fabp5/Cyp2b10/Akr1b7/Cyp46a1/Ces1d/Akr1b3/Pdk1/Hsd17b6/Ces1g/Dbi/Ces1e/Gpd1/Akr1c20/Lonp2/Abcb11/Nr1h4/Glo1/Rdh10/Akr1c14/Tysnd1/Apoc3/Kdsr/Dgat2/Vkorc1/Ppara/Coq2
Up-regulated,GO:0016054,organic acid catabolic process,25/880,211/16696,1.2884724929274264e-4,0.005641420104168731,Csad/Ces1d/Ddah1/Pgd/Dbi/Abcd4/Nudt7/Lonp2/Abcb11/Akr1d1/Bdh2/Pck2/Acox1/Thnsl2/Tysnd1/Eci2/Gcsh/Hadh/Scly/Acaa1a/Hsd17b4/Acadm/Otc/Acox3/Got2
Up-regulated,GO:0048871,multicellular organismal homeostasis,45/880,481/16696,1.3720622942641283e-4,0.005953770312610415,Ptges/Elovl3/Fabp5/Arrdc3/Adgrv1/Ucp2/Map2k6/Nox4/G0s2/Id1/Scd1/Fcor/Acot11/Ces1d/Acaca/Akr1b3/Rab3d/Tle3/Napepld/Plcl1/Abcb1a/Slc27a1/Bscl2/Cd36/Aldh1a1/Elovl6/Aqp1/Slc40a1/Gpr137/Adgrf5/F2r/Pbld2/Adipor2/Hdac3/Rpa1/Pbld1/Lsr/Ext1/Gnas/Dram2/Hadh/Ehmt1/Wwtr1/Jak2/Chmp4b
Up-regulated,GO:0006068,ethanol catabolic process,5/880,11/16696,1.4232797054959748e-4,0.006067666112903892,Sult2a3/Sult2a5/Adh1/Sult2a2/Adh5
Up-regulated,GO:0140042,lipid droplet formation,5/880,11/16696,1.4232797054959748e-4,0.006067666112903892,Fitm1/Smim22/Bscl2/Fitm2/Zfyve1
Up-regulated,GO:0120162,positive regulation of cold-induced thermogenesis,14/880,86/16696,1.5101322623977057e-4,0.006381950256741608,Elovl3/Fabp5/Ucp2/G0s2/Scd1/Bscl2/Cd36/Elovl6/Adipor2/Hdac3/Gnas/Hadh/Ehmt1/Jak2
Up-regulated,GO:0006071,glycerol metabolic process,6/880,17/16696,1.5792565066538656e-4,0.006616540191670506,Mogat1/Tkfc/Pgp/Pck2/Dgat2/Coq2
Up-regulated,GO:0010866,regulation of triglyceride biosynthetic process,7/880,24/16696,1.7324026312168036e-4,0.007196134006592876,Thrsp/Slc27a1/Nr1h4/Fitm2/Apoc3/Gpam/Dgat2
Up-regulated,GO:0019319,hexose biosynthetic process,13/880,77/16696,1.7695317916099698e-4,0.00728807161629191,Gpi1/Gpd2/Gck/Pcx/Gpd1/Pgp/Pck2/Nln/Sord/Dgat2/Ppara/Acadm/Ddb1
Up-regulated,GO:0008206,bile acid metabolic process,9/880,40/16696,1.8785136450445318e-4,0.007671912869677667,Ces1d/Ces1g/Ces1e/Abcb11/Akr1d1/Nr1h4/Cyp27a1/Acaa1a/Baat
Up-regulated,GO:0006644,phospholipid metabolic process,34/880,335/16696,1.977534930986785e-4,0.00800901647049648,Pnpla3/Fabp5/Fitm1/Synj2/Serinc2/Smpdl3b/Napepld/Pla2g7/Slc27a1/Bscl2/Pcx/Dbi/Pla2g6/Aspg/Adgrf5/Capn2/Nr1h4/Ip6k2/Plaat3/Pgp/Fitm2/Pla2g15/Pigk/Pik3cb/Pcyt1a/Gpam/Hmgcs2/Vac14/Plbd2/Smpdl3a/Plpp3/Bpnt1/Pip5k1c/Apoa2
Up-regulated,GO:0110096,cellular response to aldehyde,6/880,18/16696,2.2636921398404912e-4,0.00907757524134974,Akr1b7/Akr1b3/Aldh1a1/Aldh1a7/Aldh2/Adh5
Up-regulated,GO:0034368,protein-lipid complex remodeling,7/880,25/16696,2.2974110178724649e-4,0.00907757524134974,Pltp/Pla2g7/Gpihbp1/Nr1h4/Apoc3/Mttp/Apoa2
Up-regulated,GO:0034369,plasma lipoprotein particle remodeling,7/880,25/16696,2.2974110178724649e-4,0.00907757524134974,Pltp/Pla2g7/Gpihbp1/Nr1h4/Apoc3/Mttp/Apoa2
Up-regulated,GO:0003013,circulatory system process,44/880,478/16696,2.3240961943060568e-4,0.00910895766478019,Fabp5/Tnnc1/Ptp4a3/Slc6a4/Map2k6/Nox4/Corin/Pde2a/Ddah1/Csrp3/Kcnq1/Abcg2/Nampt/Adra1b/Abcb1a/Slc27a1/Cd36/Smad7/Mgll/Ctnnbip1/Pla2g6/F2r/Psen2/Tpm1/Cdh5/Rnpep/Ext1/Bin1/Fxyd1/Gnas/Adh5/Hopx/Ppara/Wwtr1/Calm3/Jak2/Gna12/Ephx2/Glrx3/Sod2/Gnai2/Thrb/Cdc42/Snx5
Up-regulated,GO:0031667,response to nutrient levels,31/880,298/16696,2.414612835436844e-4,0.00938801470417845,Pnpla3/Aacs/Fam107a/Elapor1/Fcor/Slc39a5/Wipi1/Sorl1/Rnf152/Sesn1/Slc39a4/Gck/Nenf/Nr1h4/Cpeb4/Meak7/Pck2/Cadps2/Nfe2l2/Atg14/Zfyve1/Agl/Capn10/Ppara/Arsb/Acadm/Angptl4/Alad/Gcgr/Fbxo22/Sod2
Up-regulated,GO:0044275,cellular carbohydrate catabolic process,8/880,33/16696,2.464572409653136e-4,0.009431355835365546,Adra1b/Ppp1r3b/Pgd/Pygl/Tkfc/Pygb/Sord/Agl
Up-regulated,GO:0055094,response to lipoprotein particle,8/880,33/16696,2.464572409653136e-4,0.009431355835365546,Tlr6/Ces1d/Ces1g/Cd36/Ces1e/Mylip/Npc1/Cd81
Up-regulated,GO:0006778,porphyrin-containing compound metabolic process,9/880,42/16696,2.786589717015464e-4,0.01058033283179309,Sptb/Atpif1/Blvrb/Hebp1/Cox15/Cpox/Hmox2/Alad/Abcb10
Up-regulated,GO:0034754,cellular hormone metabolic process,15/880,102/16696,2.840175326933302e-4,0.01070019541774872,Cyp46a1/Cyp2c55/Hsd3b3/Adh1/Retsat/Hsd3b2/Aldh1a1/Akr1c20/Hsd17b11/Akr1d1/Rdh10/Dhrs3/Akr1c14/Hsd17b4/Aldh8a1
Up-regulated,GO:0046755,viral budding,6/880,19/16696,3.1617096730434616e-4,0.011819930008454788,Chmp4c/Lrsam1/Vps37b/Nedd4/Snf8/Chmp4b
Up-regulated,GO:0001523,retinoid metabolic process,10/880,52/16696,3.30019125137373e-4,0.012243457619600249,Akr1b7/Cyp2c55/Akr1b3/Adh1/Retsat/Aldh1a1/Rdh10/Dhrs3/Adh5/Aldh8a1
Up-regulated,GO:0046503,glycerolipid catabolic process,11/880,62/16696,3.5213929509609606e-4,0.012965128592174446,Pnpla3/Ces1d/Sorl1/Pla2g7/Mgll/Ddhd2/Pla2g6/Pla2g15/Apoc3/Daglb/Apoa2
Up-regulated,GO:0006067,ethanol metabolic process,5/880,13/16696,3.6287734455332305e-4,0.013161073839769775,Sult2a3/Sult2a5/Adh1/Sult2a2/Adh5
Up-regulated,GO:0110095,cellular detoxification of aldehyde,5/880,13/16696,3.6287734455332305e-4,0.013161073839769775,Akr1b7/Aldh1a1/Aldh1a7/Aldh2/Adh5
Up-regulated,GO:0009132,nucleoside diphosphate metabolic process,16/880,116/16696,3.804565927694724e-4,0.013496596160208815,Pklr/Khk/Ak4/Galk1/Gpi1/Aldoc/Tkfc/Gck/Pfkl/Gpd1/Umps/Nudt7/Nudt9/Jmjd8/Ak3/Ppara
Up-regulated,GO:0042168,heme metabolic process,8/880,35/16696,3.8045960369312916e-4,0.013496596160208815,Atpif1/Blvrb/Hebp1/Cox15/Cpox/Hmox2/Alad/Abcb10
Up-regulated,GO:0071402,cellular response to lipoprotein particle stimulus,8/880,35/16696,3.8045960369312916e-4,0.013496596160208815,Tlr6/Ces1d/Ces1g/Cd36/Ces1e/Mylip/Npc1/Cd81
Up-regulated,GO:0034367,protein-containing complex remodeling,7/880,27/16696,3.86980114822068e-4,0.013628430130690223,Pltp/Pla2g7/Gpihbp1/Nr1h4/Apoc3/Mttp/Apoa2
Up-regulated,GO:0045017,glycerolipid biosynthetic process,23/880,201/16696,3.9179483009475557e-4,0.013698725714104402,Thrsp/Pnpla3/Fabp5/Mogat1/Slc27a1/Bscl2/Pla2g6/Capn2/Nr1h4/Ip6k2/Pck2/Fitm2/Pla2g15/Pigk/Pik3cb/Apoc3/Pcyt1a/Gpam/Vac14/Dgat2/Bpnt1/Pip5k1c/Apoa2
Up-regulated,GO:0010984,regulation of lipoprotein particle clearance,6/880,20/16696,4.3165767288984904e-4,0.014878413405990542,Ces1g/Gpihbp1/Nr1h4/Mylip/Apoc3/Lrpap1
Up-regulated,GO:0071071,regulation of phospholipid biosynthetic process,6/880,20/16696,4.3165767288984904e-4,0.014878413405990542,Slc27a1/Bscl2/Pcx/Adgrf5/Capn2/Nr1h4
Up-regulated,GO:0006094,gluconeogenesis,12/880,74/16696,4.565868358924358e-4,0.015626845228431253,Gpi1/Gpd2/Gck/Pcx/Gpd1/Pgp/Pck2/Nln/Dgat2/Ppara/Acadm/Ddb1
Up-regulated,GO:0019369,arachidonic acid metabolic process,11/880,65/16696,5.370052726396647e-4,0.0182506687064949,Cyp2b10/Cyp2c55/Cyp2d9/Cyp2c70/Ephx1/Mgll/Cyp2c29/Cyp2c37/Cyp2f2/Cyp2d10/Daglb
Up-regulated,GO:0071417,cellular response to organonitrogen compound,43/880,483/16696,5.502861998648347e-4,0.01857215924543817,Rgs8/Slc2a4/Pdxp/Slc8a3/Pklr/Tlr6/Slc6a4/Ppp1r1b/Pde2a/Csrp3/Kcnq1/Castor1/Sorl1/Sesn1/Slc27a1/Akap7/Cd36/Gck/Aqp1/Castor2/Gpd1/Fcgr2b/Tbc1d4/Kank1/Capn2/Nr1h4/Cpeb4/Cav2/Pck2/Pid1/Nfe2l2/Lgmn/Nod1/Gpam/Capn10/Gnas/Bag1/Jak2/Gcgr/Arpc2/Syap1/Gnai2/Snx5
Up-regulated,GO:0009069,serine family amino acid metabolic process,8/880,37/16696,5.684244221379432e-4,0.019052018562692438,Csad/Keg1/Psph/Thnsl2/Glyat/Gcsh/Scly/Baat
Up-regulated,GO:0051156,glucose 6-phosphate metabolic process,6/880,21/16696,5.775696359235225e-4,0.019225948154714515,Tkt/Gpi1/Pgd/Gck/Taldo1/Rpe
Up-regulated,GO:0006749,glutathione metabolic process,12/880,76/16696,5.861272352779674e-4,0.01937808410510831,Chac1/Gstm1/Gstm4/Gsta4/Gstt1/Gsta3/Gstt2/Glo1/Gstm5/Nfe2l2/Sod2/Eef1g
Up-regulated,GO:0046390,ribose phosphate biosynthetic process,19/880,157/16696,6.135553135980777e-4,0.020147829892477417,Pklr/Acly/Pdk1/Ak4/Tkt/Uck1/Ctps/Acss2/Pygl/Umps/Pdhb/Pid1/Pank1/Pank3/Pdha1/Ak3/Hprt/Ppara/Atic
Up-regulated,GO:0046365,monosaccharide catabolic process,7/880,29/16696,6.202533467447134e-4,0.020231082316639646,Khk/Galk1/Gpi1/Tkfc/Pfkl/Galm/Rpe
Up-regulated,GO:0016051,carbohydrate biosynthetic process,21/880,183/16696,6.634985422477613e-4,0.021497352768827468,Akr1b3/Csgalnact1/Gbe1/Gpi1/Ppp1r3b/Pgd/Gpd2/Cd36/Gck/Pcx/Gpd1/Pgp/Pck2/Nln/Sord/Ext1/St3gal4/Dgat2/Ppara/Acadm/Ddb1
Up-regulated,GO:0046395,carboxylic acid catabolic process,23/880,209/16696,6.802177017788094e-4,0.021893099540695456,Csad/Ces1d/Ddah1/Pgd/Dbi/Abcd4/Nudt7/Lonp2/Abcb11/Akr1d1/Bdh2/Pck2/Acox1/Tysnd1/Eci2/Gcsh/Hadh/Acaa1a/Hsd17b4/Acadm/Otc/Acox3/Got2
Up-regulated,GO:0046942,carboxylic acid transport,26/880,250/16696,7.451836603192296e-4,0.023826267033891155,Ptges/Aqp8/Map2k6/Ces1d/Slc17a4/Abcg2/Folr2/Slc16a11/Slc19a1/Ces1g/Slc27a1/Cd36/Slc16a12/Sfxn5/Ces1e/Slc6a6/Slc10a1/Pla2g6/Abcb11/Nr1h4/Abcc3/Slc6a13/Slc23a2/Slc46a1/Sfxn1/Slc47a1
Up-regulated,GO:0042445,hormone metabolic process,21/880,185/16696,7.651686278580187e-4,0.024305356414313535,Sult2a3/Sult2a5/Cyp46a1/Cyp2c55/Corin/Hsd3b3/Adh1/Sult2a2/Retsat/Hsd3b2/Aldh1a1/Akr1c20/Hsd17b11/Pcsk6/Akr1d1/Rdh10/Dhrs3/Akr1c14/Cpq/Hsd17b4/Aldh8a1
Up-regulated,GO:0062012,regulation of small molecule metabolic process,33/880,348/16696,8.158942963977692e-4,0.025748352470734794,Fabp5/Ces1d/Rd3/Pdk1/Khk/Ak4/Adra1b/Rorc/Ppp1r3b/Ces1g/Cd36/Gck/Dbi/Ces1e/Gpd1/Lonp2/Abcb11/Nr1h4/Rdh10/Pgp/Pid1/Nln/Tysnd1/Apoc3/Clybl/Jmjd8/Dgat2/Ppara/Acadm/Gcgr/Ephx2/Thrb/Ddb1
Up-regulated,GO:0046683,response to organophosphorus,12/880,79/16696,8.373549861700281e-4,0.0262551305341054,Pdxp/Slc8a3/Pklr/Slc6a4/Pde2a/Kcnq1/Akap7/Lpar1/Casp1/Aqp1/Gpd1/Asph
Up-regulated,GO:0006766,vitamin metabolic process,11/880,69/16696,9.034634960619394e-4,0.028091772702654273,Pdxp/Pltp/Ugt1a5/Abcd4/Rdh10/Slc23a2/Cyp27a1/Clybl/Vkorc1/Vnn3/Gc
Up-regulated,GO:0009185,ribonucleoside diphosphate metabolic process,14/880,102/16696,9.074914226989138e-4,0.028091772702654273,Pklr/Khk/Galk1/Gpi1/Aldoc/Tkfc/Gck/Pfkl/Gpd1/Umps/Nudt9/Jmjd8/Ak3/Ppara
Up-regulated,GO:0046031,ADP metabolic process,13/880,91/16696,9.364582356656442e-4,0.028804981173006523,Pklr/Khk/Galk1/Gpi1/Aldoc/Tkfc/Gck/Pfkl/Gpd1/Nudt9/Jmjd8/Ak3/Ppara
Up-regulated,GO:0050820,positive regulation of coagulation,6/880,23/16696,9.815772043965457e-4,0.029716316427090526,Cd36/F2r/Psen2/Nfe2l2/St3gal4/Vkorc1
Up-regulated,GO:0046461,neutral lipid catabolic process,8/880,40/16696,9.844294125023816e-4,0.029716316427090526,Pnpla3/Ces1d/Sorl1/Mgll/Ddhd2/Apoc3/Daglb/Apoa2
Up-regulated,GO:0046464,acylglycerol catabolic process,8/880,40/16696,9.844294125023816e-4,0.029716316427090526,Pnpla3/Ces1d/Sorl1/Mgll/Ddhd2/Apoc3/Daglb/Apoa2
Up-regulated,GO:0046890,regulation of lipid biosynthetic process,21/880,190/16696,0.0010800640359886525,0.03240192107965958,Thrsp/Fabp5/Ces1d/Ces1g/Slc27a1/Bscl2/Pcx/Dbi/Ces1e/Pla2g6/Adgrf5/Capn2/Nr1h4/Rdh10/Fitm2/Tspo/Apoc3/Gpam/Hsd17b13/Dgat2/Ppara
Up-regulated,GO:0043547,positive regulation of GTPase activity,24/880,230/16696,0.001116789663826626,0.03329814580489204,Rgs8/Rgs16/Ntf3/Ccl24/Arhgef16/Cxcl13/Kalrn/Ccl6/Ccl9/Tbc1d4/Rsu1/Arhgap29/F2r/Cav2/Mapre2/Tbc1d7/Tbc1d9b/Pkp4/Bin1/Gnas/Asap1/Ralbp1/Tbc1d20/Chn2
Up-regulated,GO:0010817,regulation of hormone levels,41/880,472/16696,0.0011805818655102895,0.034985535770609796,Sult2a3/Sult2a5/Aacs/Cyp46a1/Cyp2c55/Ucp2/Corin/Kcnq1/Hsd3b3/Adh1/Sult2a2/Kalrn/Inhba/Abcb1a/Retsat/Hsd3b2/Fzd4/Gck/Pfkl/Aldh1a1/Aqp1/Akr1c20/Pla2g6/Hsd17b11/Pcsk6/Akr1d1/Nr1h4/Glrx/Rdh10/Dhrs3/Akr1c14/Cpq/Capn10/Gnas/Stxbp3/Hadh/Hsd17b4/Snx4/Jak2/Aldh8a1/Snx19
Up-regulated,GO:0006107,oxaloacetate metabolic process,4/880,10/16696,0.0012463531556652805,0.03597616010788451,Acly/Pcx/Cs/Got2
Up-regulated,GO:0006651,diacylglycerol biosynthetic process,4/880,10/16696,0.0012463531556652805,0.03597616010788451,Mogat1/Pla2g15/Gpam/Dgat2
Up-regulated,GO:0010940,positive regulation of necrotic cell death,4/880,10/16696,0.0012463531556652805,0.03597616010788451,Slc6a6/Slc6a13/Tspo/Bnip3
Up-regulated,GO:1902188,positive regulation of viral release from host cell,4/880,10/16696,0.0012463531556652805,0.03597616010788451,Pcx/Cav2/Vps37b/Ddb1
Up-regulated,GO:0042537,benzene-containing compound metabolic process,6/880,24/16696,0.001251022851488165,0.03597616010788451,Ugt1a6b/Gstm4/Cyp4b1/Gstm5/Acaa1a/Ephx2
Up-regulated,GO:0009135,purine nucleoside diphosphate metabolic process,13/880,94/16696,0.0012726459544150062,0.036169937651794916,Pklr/Khk/Galk1/Gpi1/Aldoc/Tkfc/Gck/Pfkl/Gpd1/Nudt9/Jmjd8/Ak3/Ppara
Up-regulated,GO:0009179,purine ribonucleoside diphosphate metabolic process,13/880,94/16696,0.0012726459544150062,0.036169937651794916,Pklr/Khk/Galk1/Gpi1/Aldoc/Tkfc/Gck/Pfkl/Gpd1/Nudt9/Jmjd8/Ak3/Ppara
Up-regulated,GO:0009991,response to extracellular stimulus,31/880,330/16696,0.0013464313461765817,0.03804451361871039,Pnpla3/Aacs/Fam107a/Elapor1/Fcor/Slc39a5/Wipi1/Sorl1/Rnf152/Sesn1/Slc39a4/Gck/Nenf/Nr1h4/Cpeb4/Meak7/Pck2/Cadps2/Nfe2l2/Atg14/Zfyve1/Agl/Capn10/Ppara/Arsb/Acadm/Angptl4/Alad/Gcgr/Fbxo22/Sod2
Up-regulated,GO:0015711,organic anion transport,29/880,306/16696,0.0016584031988455144,0.04658866789820347,Ptges/Aqp8/Map2k6/Ces1d/Slc17a4/Abcg2/Folr2/Slc16a11/Slc19a1/Ces1g/Slc27a1/Slc22a27/Cd36/Slc2a2/Slc16a12/Sfxn5/Ces1e/Slc6a6/Slc10a1/Pla2g6/Abcb11/Nr1h4/Abcc3/Slc6a13/Slc25a4/Slc23a2/Slc46a1/Sfxn1/Slc47a1
Up-regulated,GO:0000038,very long-chain fatty acid metabolic process,7/880,34/16696,0.0016990617885025555,0.04745655340300241,Elovl3/Elovl6/Abcd4/Acox1/Acaa1a/Hsd17b4/Tecr
Up-regulated,GO:0032868,response to insulin,23/880,224/16696,0.001735155510027099,0.048187747307038294,Slc2a4/Pklr/Csrp3/Khk/Kcnq1/Sorl1/Slc27a1/Gck/Tbc1d4/Kank1/Nr1h4/Cav2/Meak7/Pck2/Pid1/Gpam/Capn10/Stxbp3/Scly/Ppara/Syap1/Gnai2/Snx5
Up-regulated,GO:0019915,lipid storage,12/880,86/16696,0.0017858458992977785,0.04931369926470002,Fitm1/Ces1d/Smim22/Ces1g/Bscl2/Cd36/Ces1e/Fitm2/Zfyve1/Nfkbia/Dgat2/Ppara
Up-regulated,GO:0030638,polyketide metabolic process,4/880,11/16696,0.0018772246900170993,0.049854163898814766,Akr1b7/Akr1b3/Akr1c20/Akr1c14
Up-regulated,GO:0030647,aminoglycoside antibiotic metabolic process,4/880,11/16696,0.0018772246900170993,0.049854163898814766,Akr1b7/Akr1b3/Akr1c20/Akr1c14
Up-regulated,GO:0034370,triglyceride-rich lipoprotein particle remodeling,4/880,11/16696,0.0018772246900170993,0.049854163898814766,Gpihbp1/Nr1h4/Apoc3/Apoa2
Up-regulated,GO:0044597,daunorubicin metabolic process,4/880,11/16696,0.0018772246900170993,0.049854163898814766,Akr1b7/Akr1b3/Akr1c20/Akr1c14
Up-regulated,GO:0044598,doxorubicin metabolic process,4/880,11/16696,0.0018772246900170993,0.049854163898814766,Akr1b7/Akr1b3/Akr1c20/Akr1c14
Up-regulated,GO:0046618,xenobiotic export,4/880,11/16696,0.0018772246900170993,0.049854163898814766,Abcg2/Abcb1a/Abcb11/Ralbp1
Up-regulated,GO:0071073,positive regulation of phospholipid biosynthetic process,4/880,11/16696,0.0018772246900170993,0.049854163898814766,Pcx/Adgrf5/Capn2/Nr1h4
Up-regulated,GO:0008654,phospholipid biosynthetic process,22/880,212/16696,0.001890112726793953,0.04992362963162289,Pnpla3/Fabp5/Fitm1/Slc27a1/Bscl2/Pcx/Pla2g6/Adgrf5/Capn2/Nr1h4/Ip6k2/Plaat3/Fitm2/Pigk/Pik3cb/Pcyt1a/Gpam/Hmgcs2/Vac14/Bpnt1/Pip5k1c/Apoa2
